Year,Total,APPLICATION_TYPE,STATUS,ADDRESS,Postcode,_id,Neighbourhood,Rent,Whole_Toronto_AV
2017,"1,308",CD,Closed,235 JARVIS ST,M5B,115748,Ryerson,**,1308
2014,"1,170",CD,Closed,2200 LAKE SHORE BLVD,M8V,115836,Humber Bay Shores,879,1170
2016,"1,240",CD,Closed,383 SORAUREN AVE,M6R,115942,Parkdale,1202,1240
2016,"1,240",CD,Draft Plan Approved,1990 BLOOR ST,M6P,115947,High Park,**,1240
2018,"1,370",CD,Closed,161 EGLINTON AVE,M4P,115951,Davisville North,**,1370
2016,"1,240",CD,Closed,120 GEORGE HENRY BLVD,M2J,116046,Fairview,1396,1240
2013,"1,138",CD,Closed,41 OSSINGTON AVE,M6J,116071,Little Portugal,**,1138
2015,"1,208",CD,Closed,26 GREENVIEW AVE,M2M,116208,Newtonbrook,**,1208
2015,"1,208",CD,Closed,185 DAVENPORT RD,M5R,116366,The Annex,**,1208
2015,"1,208",CD,Closed,185 DAVENPORT RD,M5R,116369,The Annex,**,1208
2015,"1,208",CD,Closed,185 DAVENPORT RD,M5R,116372,The Annex,**,1208
2017,"1,308",CD,Draft Plan Approved,454-464 YONGE ST,M4Y,116403,Church and Wellesley,**,1308
2015,"1,208",CD,Under Review ,68 LONG BRANCH AVE,M8W,116433,Alderwood,1084,1208
2015,"1,208",CD,Under Review ,68 LONG BRANCH AVE,M8W,116433,Alderwood,949,1208
2015,"1,208",CD,Closed,185 DAVENPORT RD,M5R,116480,The Annex,**,1208
2012,"1,108",CD,Closed,980 LANSDOWNE AVE,M6H,116508,Dovercourt Village,**,1108
2016,"1,240",CD,Closed,980 LANSDOWNE AVE,M6H,116518,Dovercourt Village,**,1240
2016,"1,240",CD,Closed,980 LANSDOWNE AVE,M6H,116519,Dovercourt Village,**,1240
2014,"1,170",CD,Draft Plan Approved,2:00 AM SPADINA AVE,M5V,116526,CN Tower,**,1170
2010,"1,048",CD,Closed,650 SHEPPARD AVE,M2K,116615,Bayview Village,1325,1048
2016,"1,240",CD,Closed,3095 DUFFERIN ST,M6A,116810,Lawrence Heights,**,1240
2010,"1,048",CD,Under Review ,80 BELL ESTATE RD,M1L,116813,Clairlea,1123,1048
2016,"1,240",CD,Closed,3101 DUFFERIN ST,M6A,116848,Lawrence Heights,**,1240
2014,"1,170",CD,Application Received,105 GEORGE ST,M5A,116859,Harbourfront,**,1170
2014,"1,170",CD,Application Received,105 GEORGE ST,M5A,116860,Harbourfront,**,1170
2014,"1,170",CD,Closed,105 GEORGE ST,M5A,116861,Harbourfront,**,1170
2015,"1,208",CD,Under Review ,1961 VICTORIA PARK AVE,M1R,116929,Maryvale,**,1208
2010,"1,048",CD,Closed,3720 MIDLAND AVE,M1V,117100,Agincourt North,**,1048
2017,"1,308",CD,Closed,3720 MIDLAND AVE,M1V,117102,Agincourt North,**,1308
2013,"1,138",CD,Closed,426 UNIVERSITY AVE,M5G,117358,Central Bay Street,**,1138
2015,"1,208",CD,Closed,700 HURON ST,M4V,117845,Deer Park,**,1208
2017,"1,308",CD,Closed,2229 KINGSTON RD,M1N,118057,Birch Cliff,**,1308
2011,"1,073",CD,Closed,300 NANTUCKET BLVD,M1P,118630,Dorset Park,891,1073
2012,"1,108",CD,Closed,1415 KENNEDY RD,M1P,118636,Dorset Park,958,1108
2016,"1,240",CD,Closed,1340 KINGSTON RD,M1N,119349,Birch Cliff,**,1240
2018,"1,370",CD,Draft Plan Approved,1346 KINGSTON RD,M1N,119353,Birch Cliff,**,1370
2018,"1,370",CD,Draft Plan Approved,1548 KINGSTON RD,M1N,119491,Birch Cliff,**,1370
2012,"1,108",CD,Closed,85 NANTUCKET BLVD,M1P,119673,Dorset Park,958,1108
2014,"1,170",CD,Closed,2020 ELLESMERE RD,M1H,119780,Cedarbrae,**,1170
2015,"1,208",CD,Closed,10 NELSON ST,M1J,119929,Scarborough Village,1064,1208
2016,"1,240",CD,Closed,10 NELSON ST,M1J,119930,Scarborough Village,1077,1240
2015,"1,208",CD,Under Review ,1955 VICTORIA PARK AVE,M1R,120088,Maryvale,**,1208
2018,"1,370",CD,Under Review ,02-Jan MEADOWGLEN PL,M1G,120562,Woburn,1201,1370
2011,"1,073",CD,Closed,3360 KINGSTON RD,M1M,120578,Cliffcrest,1060,1073
2012,"1,108",CD,Closed,1051 ELLESMERE RD,M1P,120584,Dorset Park,958,1108
2018,"1,370",CD,Under Review ,228-250 MIDWEST RD,M1P,120587,Dorset Park,1067,1370
2016,"1,240",CD,Closed,1680 MIDLAND AVE,M1P,120804,Dorset Park,985,1240
2011,"1,073",CD,Closed,200 ANNETTE ST,M6P,121132,High Park,**,1073
2018,"1,370",CD,Draft Plan Approved,368 JANE ST,M6S,121373,Runnymede,**,1370
2012,"1,108",CD,Closed,4691 KINGSTON RD,M1E,121421,Guildwood,967,1108
2012,"1,108",CD,Closed,4691 KINGSTON RD,M1E,121421,Guildwood,1127,1108
2012,"1,108",CD,Closed,4691 KINGSTON RD,M1E,121421,Guildwood,951,1108
2017,"1,308",CD,Draft Plan Approved,1251 BRIDLETOWNE CRCL,M1W,121532,L'Amoreaux West,**,1308
2016,"1,240",CD,Under Review ,1251 BRIDLETOWNE CRCL,M1W,121534,L'Amoreaux West,**,1240
2012,"1,108",CD,Closed,4576 KINGSTON RD,M1E,121806,Guildwood,1127,1108
2012,"1,108",CD,Closed,4576 KINGSTON RD,M1E,121806,Guildwood,951,1108
2012,"1,108",CD,Closed,4576 KINGSTON RD,M1E,121806,Guildwood,967,1108
2012,"1,108",CD,Closed,4572 KINGSTON RD,M1E,121810,Guildwood,1127,1108
2012,"1,108",CD,Closed,4572 KINGSTON RD,M1E,121810,Guildwood,967,1108
2012,"1,108",CD,Closed,4572 KINGSTON RD,M1E,121810,Guildwood,951,1108
2016,"1,240",CD,Closed,3765 ST CLAIR AVE,M1M,121833,Cliffcrest,1101,1240
2018,"1,370",CD,Under Review ,2815 KINGSTON RD,M1M,121837,Cliffcrest,1238,1370
2013,"1,138",CD,Draft Plan Approved,6039 KINGSTON RD,M1C,122016,Highland Creek,**,1138
2018,"1,370",CD,Draft Plan Approved,2100-2122 BRIDLETOWNE CRCL,M1W,122045,L'Amoreaux West,**,1370
2015,"1,208",CD,Closed,17 ISLAND RD,M1C,122125,Highland Creek,**,1208
2015,"1,208",CD,Closed,2803 DUNDAS ST,M6P,122523,High Park,**,1208
2018,"1,370",CD,Draft Plan Approved,35 WABASH AVE,M6R,122702,Parkdale,1186,1370
2018,"1,370",CD,Under Review ,8817-8825 SHEPPARD AVE,M1B,122797,Rouge,1162,1370
2011,"1,073",CD,Closed,1480 QUEEN ST,M6K,122835,Brockton,**,1073
2014,"1,170",CD,Draft Plan Approved,815 MIDDLEFIELD RD,M1V,123183,Agincourt North,**,1170
2015,"1,208",CD,Closed,1844 BLOOR ST,M6P,123251,High Park,**,1208
2014,"1,170",CD,Draft Plan Approved,25 CUNNINGHAM AVE,M6K,123270,Brockton,**,1170
2016,"1,240",CD,Draft Plan Approved,26 PARKVIEW GDNS,M6P,123321,High Park,**,1240
2014,"1,170",CD,Closed,243 PERTH AVE,M6P,123665,High Park,**,1170
2011,"1,073",CD,Closed,38 TIDESWELL BLVD,M1B,123714,Rouge,913,1073
2014,"1,170",CD,Closed,24 HOWARD PARK AVE,M6R,123884,Parkdale,942,1170
2014,"1,170",CD,Closed,1205 QUEEN ST,M6K,124089,Brockton,**,1170
2014,"1,170",CD,Closed,30 A HOWARD PARK AVE,M6R,124113,Parkdale,942,1170
2018,"1,370",CD,Closed,30 A HOWARD PARK AVE,M6R,124114,Parkdale,1186,1370
2014,"1,170",CD,Closed,60 HOWARD PARK AVE,M6R,124116,Parkdale,942,1170
2018,"1,370",CD,Closed,60 HOWARD PARK AVE,M6R,124117,Parkdale,1186,1370
2014,"1,170",CD,Closed,66 HOWARD PARK AVE,M6R,124208,Parkdale,942,1170
2018,"1,370",CD,Closed,66 HOWARD PARK AVE,M6R,124209,Parkdale,1186,1370
2011,"1,073",CD,Closed,2 OSSINGTON AVE,M6J,124664,Little Portugal,**,1073
2015,"1,208",CD,Closed,20 GLADSTONE AVE,M6J,124722,Little Portugal,**,1208
2012,"1,108",CD,Closed,8 GLADSTONE AVE,M6J,124727,Little Portugal,**,1108
2014,"1,170",CD,Closed,354 HARBORD ST,M6G,124749,Christie,**,1170
2018,"1,370",CD,Draft Plan Approved,138 ST HELEN'S AVE,M6H,124873,Dovercourt Village,**,1370
2011,"1,073",CD,Closed,25 STAFFORD ST,M5V,125087,CN Tower,**,1073
2012,"1,108",CD,Closed,751 KING ST,M5V,125192,CN Tower,**,1108
2015,"1,208",CD,Closed,52 BARTLETT AVE,M6H,125206,Dovercourt Village,**,1208
2017,"1,308",CD,Draft Plan Approved,158 STERLING RD,M6R,125220,Parkdale,923,1308
2018,"1,370",CD,Under Review ,1025 DUPONT ST,M6H,125244,Dovercourt Village,**,1370
2014,"1,170",CD,Closed,110 PALMERSTON AVE,M6J,125376,Little Portugal,**,1170
2018,"1,370",CD,Under Review ,104 NORTHCOTE AVE,M6J,125412,Little Portugal,**,1370
2014,"1,170",CD,Draft Plan Approved,842 RICHMOND ST,M6J,125483,Little Portugal,**,1170
2014,"1,170",CD,Draft Plan Approved,846 RICHMOND ST,M6J,125486,Little Portugal,**,1170
2014,"1,170",CD,Closed,48 ABELL ST,M6J,125509,Little Portugal,**,1170
2014,"1,170",CD,Closed,2 LISGAR ST,M6J,125512,Little Portugal,**,1170
2014,"1,170",CD,Draft Plan Approved,850 RICHMOND ST,M6J,125733,Little Portugal,**,1170
2014,"1,170",CD,Closed,1030 KING ST,M6K,125744,Brockton,**,1170
2015,"1,208",CD,Closed,11 PEEL AVE,M6J,125754,Little Portugal,**,1208
2012,"1,108",CD,Closed,90 CALEDONIA PARK RD,M6H,125921,Dovercourt Village,**,1108
2018,"1,370",CD,Draft Plan Approved,840 YONGE ST,M4W,126004,Rosedale,**,1370
2018,"1,370",CD,Draft Plan Approved,838 YONGE ST,M4W,126007,Rosedale,**,1370
2018,"1,370",CD,Draft Plan Approved,838 YONGE ST,M4W,126008,Rosedale,**,1370
2018,"1,370",CD,Draft Plan Approved,836 YONGE ST,M4W,126011,Rosedale,**,1370
2018,"1,370",CD,Draft Plan Approved,836 YONGE ST,M4W,126012,Rosedale,**,1370
2017,"1,308",CD,Closed,1443 BATHURST ST,M5R,126133,The Annex,**,1308
2016,"1,240",CD,Closed,103 OSSINGTON AVE,M6J,126165,Little Portugal,**,1240
2016,"1,240",CD,Closed,109-111 OSSINGTON AVE,M6J,126168,Little Portugal,**,1240
2013,"1,138",CD,Closed,7 AUSTIN TER,M5R,126203,The Annex,**,1138
2016,"1,240",CD,Closed,277 DAVENPORT RD,M5R,126284,The Annex,**,1240
2018,"1,370",CD,Under Review ,94 CUMBERLAND ST,M5R,126304,The Annex,**,1370
2016,"1,240",CD,Closed,192 BLOOR ST,M5S,126312,Harbord,**,1240
2016,"1,240",CD,Closed,192 A BLOOR ST,M5S,126393,Harbord,**,1240
2016,"1,240",CD,Closed,194 BLOOR ST,M5S,126396,Harbord,**,1240
2013,"1,138",CD,Closed,711 DOVERCOURT RD,M6H,126504,Dovercourt Village,**,1138
2013,"1,138",CD,Closed,715 DOVERCOURT RD,M6H,126507,Dovercourt Village,**,1138
2013,"1,138",CD,Closed,717 DOVERCOURT RD,M6H,126509,Dovercourt Village,**,1138
2015,"1,208",CD,Closed,25 NORTHCOTE AVE,M6J,126641,Little Portugal,**,1208
2015,"1,208",CD,Closed,998 COLLEGE ST,M6H,126667,Dovercourt Village,**,1208
2012,"1,108",CD,Closed,743 ST CLAIR AVE,M6C,126908,Humewood-Cedarvale,1141,1108
2014,"1,170",CD,Draft Plan Approved,23 GIVINS ST,M6J,126963,Little Portugal,**,1170
2014,"1,170",CD,Draft Plan Approved,25 GIVINS ST,M6J,126965,Little Portugal,**,1170
2013,"1,138",CD,Closed,540 COLLEGE ST,M6G,127037,Christie,**,1138
2015,"1,208",CD,Closed,854 DUNDAS ST,M6J,127067,Little Portugal,**,1208
2015,"1,208",CD,Closed,854 DUNDAS ST,M6J,127068,Little Portugal,**,1208
2015,"1,208",CD,Closed,455 DOVERCOURT RD,M6H,127183,Dovercourt Village,**,1208
2012,"1,108",CD,Draft Plan Approved,126 A SPADINA RD,M5R,127200,The Annex,**,1108
2015,"1,208",CD,Closed,856 DUNDAS ST,M6J,127290,Little Portugal,**,1208
2015,"1,208",CD,Closed,856 DUNDAS ST,M6J,127291,Little Portugal,**,1208
2015,"1,208",CD,Closed,858 DUNDAS ST,M6J,127294,Little Portugal,**,1208
2015,"1,208",CD,Closed,858 DUNDAS ST,M6J,127295,Little Portugal,**,1208
2018,"1,370",CD,Draft Plan Approved,3 YORKVILLE AVE,M4W,127336,Rosedale,**,1370
2018,"1,370",CD,Draft Plan Approved,3 YORKVILLE AVE,M4W,127337,Rosedale,**,1370
2018,"1,370",CD,Draft Plan Approved,846 YONGE ST,M4W,127340,Rosedale,**,1370
2018,"1,370",CD,Draft Plan Approved,846 YONGE ST,M4W,127341,Rosedale,**,1370
2018,"1,370",CD,Draft Plan Approved,844 YONGE ST,M4W,127344,Rosedale,**,1370
2018,"1,370",CD,Draft Plan Approved,844 YONGE ST,M4W,127345,Rosedale,**,1370
2018,"1,370",CD,Draft Plan Approved,840 YONGE ST,M4W,127348,Rosedale,**,1370
2015,"1,208",CD,Under Review ,259 DOVERCOURT RD,M6J,127485,Little Portugal,**,1208
2015,"1,208",CD,Closed,1243 DUNDAS ST,M6J,127491,Little Portugal,**,1208
2013,"1,138",CD,Closed,707 DOVERCOURT RD,M6H,127634,Dovercourt Village,**,1138
2013,"1,138",CD,Closed,709 DOVERCOURT RD,M6H,127637,Dovercourt Village,**,1138
2016,"1,240",CD,Closed,56 BLUE JAYS WAY,M5V,127831,CN Tower,**,1240
2011,"1,073",CD,Closed,500 WELLINGTON ST,M5V,127875,CN Tower,**,1073
2013,"1,138",CD,Closed,560 KING ST,M5V,127929,CN Tower,**,1138
2015,"1,208",CD,Closed,525 ADELAIDE ST,M5V,127938,CN Tower,**,1208
2012,"1,108",CD,Closed,508 WELLINGTON ST,M5V,127949,CN Tower,**,1108
2016,"1,240",CD,Closed,835 ST CLAIR AVE,M6C,128086,Humewood-Cedarvale,1386,1240
2016,"1,240",CD,Closed,833 ST CLAIR AVE,M6C,128164,Humewood-Cedarvale,1386,1240
2016,"1,240",CD,Closed,829 ST CLAIR AVE,M6C,128167,Humewood-Cedarvale,1386,1240
2017,"1,308",CD,Closed,81 PETER ST,M5V,128195,CN Tower,**,1308
2016,"1,240",CD,Closed,200 BLOOR ST,M5S,128221,Harbord,**,1240
2014,"1,170",CD,Closed,131 HAZELTON AVE,M5R,128500,The Annex,**,1170
2015,"1,208",CD,Closed,621 KING ST,M5V,128560,CN Tower,**,1208
2015,"1,208",CD,Closed,147 DAVENPORT RD,M5R,128570,The Annex,**,1208
2018,"1,370",CD,Draft Plan Approved,128 PEARS AVE,M5R,128609,The Annex,**,1370
2018,"1,370",CD,Under Review ,580 FRONT ST,M5V,128616,CN Tower,**,1370
2018,"1,370",CD,Under Review ,580 FRONT ST,M5V,128618,CN Tower,**,1370
2013,"1,138",CD,Closed,60 JOHN ST,M9N,128630,Weston,948,1138
2017,"1,308",CD,Draft Plan Approved,604 RICHMOND ST,M5V,128697,CN Tower,**,1308
2017,"1,308",CD,Draft Plan Approved,608 RICHMOND ST,M5V,128700,CN Tower,**,1308
2017,"1,308",CD,Draft Plan Approved,610 RICHMOND ST,M5V,128703,CN Tower,**,1308
2013,"1,138",CD,Closed,11 CHARLOTTE ST,M5V,128741,CN Tower,**,1138
2017,"1,308",CD,Draft Plan Approved,612 RICHMOND ST,M5V,128776,CN Tower,**,1308
2013,"1,138",CD,Closed,299 ADELAIDE ST,M5V,128875,CN Tower,**,1138
2013,"1,138",CD,Closed,295 ADELAIDE ST,M5V,128879,CN Tower,**,1138
2018,"1,370",CD,Draft Plan Approved,622 A KING ST,M5V,128968,CN Tower,**,1370
2011,"1,073",CD,Closed,650 KING ST,M5V,128974,CN Tower,**,1073
2017,"1,308",CD,Under Review ,90 NIAGARA ST,M5V,128980,CN Tower,**,1308
2017,"1,308",CD,Draft Plan Approved,618 RICHMOND ST,M5V,129093,CN Tower,**,1308
2016,"1,240",CD,Closed,290 ADELAIDE ST,M5V,129104,CN Tower,**,1240
2016,"1,240",CD,Closed,434 ADELAIDE ST,M5V,129151,CN Tower,**,1240
2016,"1,240",CD,Closed,438 ADELAIDE ST,M5V,129156,CN Tower,**,1240
2015,"1,208",CD,Closed,203 RICHMOND ST,M5V,129353,CN Tower,**,1208
2016,"1,240",CD,Closed,203 RICHMOND ST,M5V,129354,CN Tower,**,1240
2016,"1,240",CD,Closed,91 AUGUSTA AVE,M5T,129357,Chinatown,**,1240
2018,"1,370",CD,Draft Plan Approved,1 ADELAIDE PL,M5V,129402,CN Tower,**,1370
2018,"1,370",CD,Draft Plan Approved,505 ADELAIDE ST,M5V,129408,CN Tower,**,1370
2018,"1,370",CD,Draft Plan Approved,501 ADELAIDE ST,M5V,129412,CN Tower,**,1370
2016,"1,240",CD,Closed,70 SHUTER ST,M5B,129427,Ryerson,**,1240
2014,"1,170",CD,Closed,117 PETER ST,M5V,129443,CN Tower,**,1170
2014,"1,170",CD,Closed,117 PETER ST,M5V,129444,CN Tower,**,1170
2017,"1,308",CD,Final Approval Completed,202 BATHURST ST,M5T,129455,Chinatown,**,1308
2017,"1,308",CD,Closed,161 PALMERSTON AVE,M6J,129459,Little Portugal,**,1308
2017,"1,308",CD,Closed,130 QUEENS QUAY  ,M5A,129468,Harbourfront,**,1308
2013,"1,138",CD,Closed,170 MARKHAM ST,M6J,129506,Little Portugal,**,1138
2018,"1,370",CD,Draft Plan Approved,197 YONGE ST,M5B,129523,Ryerson,**,1370
2015,"1,208",CD,Closed,199 RICHMOND ST,M5V,129584,CN Tower,**,1208
2016,"1,240",CD,Closed,199 RICHMOND ST,M5V,129585,CN Tower,**,1240
2015,"1,208",CD,Closed,181 RICHMOND ST,M5V,129589,CN Tower,**,1208
2016,"1,240",CD,Closed,181 RICHMOND ST,M5V,129590,CN Tower,**,1240
2016,"1,240",CD,Closed,68 SHUTER ST,M5B,129596,Ryerson,**,1240
2017,"1,308",CD,Closed,175 DUNDAS ST,M5A,129627,Harbourfront,**,1308
2017,"1,308",CD,Closed,191 DUNDAS ST,M5A,129630,Harbourfront,**,1308
2016,"1,240",CD,Closed,223 ST CLAIR AVE,M4V,129652,Deer Park,**,1240
2016,"1,240",CD,Closed,219 ST CLAIR AVE,M4V,129657,Deer Park,**,1240
2018,"1,370",CD,Under Review ,27 BATHURST ST,M5V,129664,CN Tower,**,1370
2018,"1,370",CD,Under Review ,27 BATHURST ST,M5V,129666,CN Tower,**,1370
2016,"1,240",CD,Closed,66 SHUTER ST,M5B,129673,Ryerson,**,1240
2016,"1,240",CD,Closed,64 SHUTER ST,M5B,129678,Ryerson,**,1240
2015,"1,208",CD,Draft Plan Approved,15 BEVERLEY ST,M5T,129689,Chinatown,**,1208
2015,"1,208",CD,Draft Plan Approved,17 BEVERLEY ST,M5T,129693,Chinatown,**,1208
2013,"1,138",CD,Draft Plan Approved,284 SHERBOURNE ST,M5A,129712,Harbourfront,**,1138
2018,"1,370",CD,Under Review ,49 NIAGARA ST,M5V,129730,CN Tower,**,1370
2015,"1,208",CD,Draft Plan Approved,19 BEVERLEY ST,M5T,129750,Chinatown,**,1208
2015,"1,208",CD,Draft Plan Approved,21 BEVERLEY ST,M5T,129755,Chinatown,**,1208
2016,"1,240",CD,Closed,108 SHUTER ST,M5A,129803,Harbourfront,**,1240
2016,"1,240",CD,Closed,102 SHUTER ST,M5A,129807,Harbourfront,**,1240
2016,"1,240",CD,Closed,215 ST CLAIR AVE,M4V,129824,Deer Park,**,1240
2012,"1,108",CD,Application Received,783 BATHURST ST,M5S,129872,Harbord,**,1108
2012,"1,108",CD,Closed,783 BATHURST ST,M5S,129873,Harbord,**,1108
2018,"1,370",CD,Under Review ,49 NIAGARA ST,M5V,129906,CN Tower,**,1370
2018,"1,370",CD,Under Review ,33-45 NIAGARA ST,M5V,129908,CN Tower,**,1370
2018,"1,370",CD,Under Review ,33-45 NIAGARA ST,M5V,129909,CN Tower,**,1370
2018,"1,370",CD,Under Review ,578 FRONT ST,M5V,129918,CN Tower,**,1370
2018,"1,370",CD,Under Review ,578 FRONT ST,M5V,129920,CN Tower,**,1370
2015,"1,208",CD,Draft Plan Approved,27 BEVERLEY ST,M5T,129938,Chinatown,**,1208
2018,"1,370",CD,Draft Plan Approved,875 QUEEN ST,M4M,129959,Studio District,**,1370
2015,"1,208",CD,Closed,431 RICHMOND ST,M5V,129974,CN Tower,**,1208
2012,"1,108",CD,Closed,32 CAMDEN ST,M5V,129977,CN Tower,**,1108
2016,"1,240",CD,Closed,426 ADELAIDE ST,M5V,129987,CN Tower,**,1240
2016,"1,240",CD,Closed,20 VANAULEY ST,M5T,130001,Chinatown,**,1240
2017,"1,308",CD,Closed,70 COLBORNE ST,M5E,130110,Berczy Park,**,1308
2015,"1,208",CD,Closed,21 GRENVILLE ST,M4Y,130138,Church and Wellesley,**,1208
2010,"1,048",CD,Closed,56 LIPPINCOTT ST,M5T,130148,Chinatown,**,1048
2013,"1,138",CD,Closed,328 ADELAIDE ST,M5V,130192,CN Tower,**,1138
2013,"1,138",CD,Closed,328 ADELAIDE ST,M5V,130193,CN Tower,**,1138
2016,"1,240",CD,Closed,428 ADELAIDE ST,M5V,130243,CN Tower,**,1240
2016,"1,240",CD,Closed,430 ADELAIDE ST,M5V,130247,CN Tower,**,1240
2016,"1,240",CD,Closed,432 ADELAIDE ST,M5V,130252,CN Tower,**,1240
2013,"1,138",CD,Closed,222 SPADINA AVE,M5T,130288,Chinatown,**,1138
2017,"1,308",CD,Draft Plan Approved,614 RICHMOND ST,M5V,130362,CN Tower,**,1308
2015,"1,208",CD,Closed,155 DUNDAS ST,M5B,130390,Ryerson,**,1208
2011,"1,073",CD,Closed,207 BEVERLEY ST,M5T,130395,Chinatown,**,1073
2017,"1,308",CD,Draft Plan Approved,13-17 CUMMINGS ST,M4M,130412,Studio District,**,1308
2017,"1,308",CD,Draft Plan Approved,411 CHURCH ST,M4Y,130454,Church and Wellesley,**,1308
2015,"1,208",CD,Closed,990 BAY ST,M5S,130468,Harbord,**,1208
2015,"1,208",CD,Closed,984 BAY ST,M5S,130473,Harbord,**,1208
2017,"1,308",CD,Draft Plan Approved,381 SHUTER ST,M5A,130486,Harbourfront,**,1308
2017,"1,308",CD,Draft Plan Approved,383 SHUTER ST,M5A,130488,Harbourfront,**,1308
2017,"1,308",CD,Draft Plan Approved,385 SHUTER ST,M5A,130491,Harbourfront,**,1308
2015,"1,208",CD,Closed,14 HAYDEN ST,M4Y,130505,Church and Wellesley,**,1208
2014,"1,170",CD,Closed,151 ROBERT ST,M5S,130533,Harbord,**,1170
2018,"1,370",CD,Draft Plan Approved,887 QUEEN ST,M4M,130577,Studio District,**,1370
2012,"1,108",CD,Closed,999 DUNDAS ST,M4M,130671,Studio District,**,1108
2018,"1,370",CD,Draft Plan Approved,591 DUNDAS ST,M5T,130715,Chinatown,**,1370
2013,"1,138",CD,Closed,55 HOWIE AVE,M4M,130749,Studio District,**,1138
2017,"1,308",CD,Draft Plan Approved,379 SHUTER ST,M5A,130787,Harbourfront,**,1308
2016,"1,240",CD,Closed,11 ST THOMAS ST,M5S,130840,Harbord,**,1240
2016,"1,240",CD,Closed,9 SULTAN ST,M5S,130845,Harbord,**,1240
2016,"1,240",CD,Closed,7 SULTAN ST,M5S,130850,Harbord,**,1240
2015,"1,208",CD,Closed,368 DUNDAS ST,M5A,130857,Harbourfront,**,1208
2015,"1,208",CD,Closed,366 DUNDAS ST,M5A,130858,Harbourfront,**,1208
2015,"1,208",CD,Closed,362 DUNDAS ST,M5A,130859,Harbourfront,**,1208
2015,"1,208",CD,Closed,360 DUNDAS ST,M5A,130860,Harbourfront,**,1208
2015,"1,208",CD,Closed,358 DUNDAS ST,M5A,130861,Harbourfront,**,1208
2016,"1,240",CD,Closed,61 HAYDEN ST,M4Y,130901,Church and Wellesley,**,1240
2017,"1,308",CD,Closed,61 HAYDEN ST,M4Y,130903,Church and Wellesley,**,1308
2017,"1,308",CD,Closed,261 QUEENS QUAY  ,M5A,130959,Harbourfront,**,1308
2017,"1,308",CD,Draft Plan Approved,261 QUEENS QUAY  ,M5A,130961,Harbourfront,**,1308
2018,"1,370",CD,Draft Plan Approved,7 GLOUCESTER ST,M4Y,130984,Church and Wellesley,**,1370
2018,"1,370",CD,Closed,31 DUNDONALD ST,M4Y,131024,Church and Wellesley,**,1370
2018,"1,370",CD,Closed,33 DUNDONALD ST,M4Y,131028,Church and Wellesley,**,1370
2016,"1,240",CD,Closed,355 CHURCH ST,M5B,131089,Ryerson,**,1240
2018,"1,370",CD,Draft Plan Approved,9 GLOUCESTER ST,M4Y,131126,Church and Wellesley,**,1370
2018,"1,370",CD,Draft Plan Approved,11 GLOUCESTER ST,M4Y,131127,Church and Wellesley,**,1370
2018,"1,370",CD,Closed,46 WELLESLEY ST,M4Y,131271,Church and Wellesley,**,1370
2016,"1,240",CD,Closed,188 LIPPINCOTT ST,M5S,131282,Harbord,**,1240
2016,"1,240",CD,Closed,365 CHURCH ST,M5B,131286,Ryerson,**,1240
2016,"1,240",CD,Closed,64 CHARLES ST,M4Y,131291,Church and Wellesley,**,1240
2017,"1,308",CD,Closed,64 CHARLES ST,M4Y,131293,Church and Wellesley,**,1308
2017,"1,308",CD,Draft Plan Approved,387 SHUTER ST,M5A,131298,Harbourfront,**,1308
2017,"1,308",CD,Draft Plan Approved,17 DUNDONALD ST,M4Y,131330,Church and Wellesley,**,1308
2014,"1,170",CD,Closed,5 ST JOSEPH ST,M4Y,131383,Church and Wellesley,**,1170
2011,"1,073",CD,Closed,620 CHURCH ST,M4Y,131427,Church and Wellesley,**,1073
2015,"1,208",CD,Closed,42 CHARLES ST,M4Y,131443,Church and Wellesley,**,1208
2018,"1,370",CD,Draft Plan Approved,593 YONGE ST,M4Y,131469,Church and Wellesley,**,1370
2015,"1,208",CD,Closed,709 YONGE ST,M4Y,131487,Church and Wellesley,**,1208
2015,"1,208",CD,Closed,711 YONGE ST,M4Y,131489,Church and Wellesley,**,1208
2015,"1,208",CD,Closed,23 BLOOR ST,M4W,131491,Rosedale,**,1208
2018,"1,370",CD,Draft Plan Approved,897 QUEEN ST,M4M,131637,Studio District,**,1370
2015,"1,208",CD,Closed,251 KING ST,M5A,131731,Harbourfront,**,1208
2018,"1,370",CD,Draft Plan Approved,120 PARLIAMENT ST,M5A,131736,Harbourfront,**,1370
2018,"1,370",CD,Draft Plan Approved,116 PARLIAMENT ST,M5A,131742,Harbourfront,**,1370
2018,"1,370",CD,Draft Plan Approved,114 PARLIAMENT ST,M5A,131819,Harbourfront,**,1370
2011,"1,073",CD,Closed,591 DUNDAS ST,M5T,131930,Chinatown,**,1073
2010,"1,048",CD,Closed,1386 GERRARD ST,M4L,131955,The Beaches West,**,1048
2014,"1,170",CD,Closed,345 CARLAW AVE,M4M,131982,Studio District,**,1170
2018,"1,370",CD,Draft Plan Approved,112 PARLIAMENT ST,M5A,132024,Harbourfront,**,1370
2016,"1,240",CD,Closed,5 SULTAN ST,M5S,132101,Harbord,**,1240
2013,"1,138",CD,Closed,591 DUNDAS ST,M5T,132205,Chinatown,**,1138
2014,"1,170",CD,Closed,591 DUNDAS ST,M5T,132207,Chinatown,**,1170
2012,"1,108",CD,Closed,150 BROADVIEW AVE,M4M,132383,Studio District,**,1108
2018,"1,370",CD,Draft Plan Approved,424 ADELAIDE ST,M5A,132729,Harbourfront,**,1370
2018,"1,370",CD,Draft Plan Approved,424 ADELAIDE ST,M5A,132730,Harbourfront,**,1370
2015,"1,208",CD,Closed,1230 DUNDAS ST,M4M,132756,Studio District,**,1208
2014,"1,170",CD,Closed,42 CURZON ST,M4M,133005,Studio District,**,1170
2018,"1,370",CD,Draft Plan Approved,93 BERKELEY ST,M5A,133037,Harbourfront,**,1370
2017,"1,308",CD,Draft Plan Approved,1321 GERRARD ST,M4L,133114,The Beaches West,**,1308
2018,"1,370",CD,Draft Plan Approved,124 PARLIAMENT ST,M5A,133131,Harbourfront,**,1370
2018,"1,370",CD,Under Review ,169 JONES AVE,M4M,133160,Studio District,**,1370
2016,"1,240",CD,Closed,715 KINGSTON RD,M4E,133205,The Beaches,1217,1240
2016,"1,240",CD,Closed,663 KINGSTON RD,M4E,133338,The Beaches,1217,1240
2013,"1,138",CD,Closed,66 KIPPENDAVIE AVE,M4L,133418,The Beaches West,**,1138
2018,"1,370",CD,Draft Plan Approved,14 TRENT AVE,M4C,133566,Woodbine Heights,**,1370
2013,"1,138",CD,Closed,19 KIPPENDAVIE AVE,M4L,134213,The Beaches West,**,1138
2017,"1,308",CD,Closed,1133 YONGE ST,M4T,134223,Moore Park,1737,1308
2013,"1,138",CD,Closed,323 KINGSTON RD,M4L,134389,The Beaches West,**,1138
2014,"1,170",CD,Closed,2055 DANFORTH AVE,M4C,134421,Woodbine Heights,**,1170
2014,"1,170",CD,Closed,2057 DANFORTH AVE,M4C,134424,Woodbine Heights,**,1170
2011,"1,073",CD,Closed,184 ST CLAIR AVE,M4T,134464,Moore Park,1003,1073
2018,"1,370",CD,Under Review ,73 WOODBINE AVE,M4L,134641,The Beaches West,**,1370
2018,"1,370",CD,Under Review ,3 BULLER AVE,M4L,134661,The Beaches West,**,1370
2013,"1,138",CD,Closed,4 BELLEFAIR AVE,M4L,134694,The Beaches West,**,1138
2014,"1,170",CD,Closed,580 KINGSTON RD,M4E,134732,The Beaches,1129,1170
2018,"1,370",CD,Under Review ,77 WOODBINE AVE,M4L,134867,The Beaches West,**,1370
2018,"1,370",CD,Under Review ,79 WOODBINE AVE,M4L,134870,The Beaches West,**,1370
2018,"1,370",CD,Under Review ,83 WOODBINE AVE,M4L,134873,The Beaches West,**,1370
2017,"1,308",CD,Closed,195 ROEHAMPTON AVE,M4P,135005,Davisville North,**,1308
2017,"1,308",CD,Closed,143 REDPATH AVE,M4P,135013,Davisville North,**,1308
2017,"1,308",CD,Closed,145 REDPATH AVE,M4P,135017,Davisville North,**,1308
2017,"1,308",CD,Closed,183 ROEHAMPTON AVE,M4P,135021,Davisville North,**,1308
2016,"1,240",CD,Closed,1960 A QUEEN ST,M4L,135147,The Beaches West,**,1240
2016,"1,240",CD,Closed,1960 QUEEN ST,M4L,135151,The Beaches West,**,1240
2018,"1,370",CD,Draft Plan Approved,173 ROEHAMPTON AVE,M4P,135176,Davisville North,**,1370
2016,"1,240",CD,Closed,124 BELSIZE DR,M4S,135217,Davisville,**,1240
2017,"1,308",CD,Closed,185 ROEHAMPTON AVE,M4P,135297,Davisville North,**,1308
2017,"1,308",CD,Closed,187 ROEHAMPTON AVE,M4P,135301,Davisville North,**,1308
2017,"1,308",CD,Closed,189 ROEHAMPTON AVE,M4P,135305,Davisville North,**,1308
2016,"1,240",CD,Closed,68 MERTON ST,M4S,135370,Davisville,**,1240
2018,"1,370",CD,Draft Plan Approved,165 ROEHAMPTON AVE,M4P,135449,Davisville North,**,1370
2017,"1,308",CD,Under Review ,197 REDPATH AVE,M4P,135572,Davisville North,**,1308
2017,"1,308",CD,Under Review ,95 BROADWAY AVE,M4P,135576,Davisville North,**,1308
2017,"1,308",CD,Closed,104 ROSEDALE HEIGHTS DR,M4T,135717,Moore Park,1737,1308
2017,"1,308",CD,Under Review ,107 BROADWAY AVE,M4P,135881,Davisville North,**,1308
2018,"1,370",CD,Draft Plan Approved,1027 YONGE ST,M4W,136228,Rosedale,**,1370
2018,"1,370",CD,Draft Plan Approved,10 EGLINTON AVE,M4P,136280,Davisville North,**,1370
2017,"1,308",CD,Closed,139 REDPATH AVE,M4P,136285,Davisville North,**,1308
2017,"1,308",CD,Closed,141 REDPATH AVE,M4P,136289,Davisville North,**,1308
2017,"1,308",CD,Closed,126 HUDSON DR,M4T,136337,Moore Park,1737,1308
2013,"1,138",CD,Closed,2316 GERRARD ST,M4E,136456,The Beaches,1148,1138
2013,"1,138",CD,Closed,1815 YONGE ST,M4T,136485,Moore Park,1439,1138
2018,"1,370",CD,Under Review ,34 COULSON AVE,M4V,136650,Deer Park,**,1370
2014,"1,170",CD,Draft Plan Approved,1733-1735 BATHURST ST,M5P,136719,Forest Hill North,1299,1170
2018,"1,370",CD,Under Review ,2131 YONGE ST,M4S,136893,Davisville,**,1370
2014,"1,170",CD,Closed,193 DUPLEX AVE,M5P,137051,Forest Hill North,1299,1170
2013,"1,138",CD,Closed,17 GLEBE RD,M5P,137147,Forest Hill North,1249,1138
2013,"1,138",CD,Closed,2008 YONGE ST,M4S,137151,Davisville,**,1138
2018,"1,370",CD,Draft Plan Approved,151 ROEHAMPTON AVE,M4P,137178,Davisville North,**,1370
2018,"1,370",CD,Draft Plan Approved,157 ROEHAMPTON AVE,M4P,137259,Davisville North,**,1370
2017,"1,308",CD,Closed,191 ROEHAMPTON AVE,M4P,137262,Davisville North,**,1308
2017,"1,308",CD,Closed,193 ROEHAMPTON AVE,M4P,137266,Davisville North,**,1308
2018,"1,370",CD,Draft Plan Approved,161 ROEHAMPTON AVE,M4P,137467,Davisville North,**,1370
2018,"1,370",CD,Draft Plan Approved,167 ROEHAMPTON AVE,M4P,137472,Davisville North,**,1370
2016,"1,240",CD,Closed,282 ST CLAIR AVE,M4V,137621,Deer Park,**,1240
2014,"1,170",CD,Closed,288 ST CLAIR AVE,M4V,137624,Deer Park,**,1170
2014,"1,170",CD,Closed,290 ST CLAIR AVE,M4V,137898,Deer Park,**,1170
2015,"1,208",CD,Closed,538 EGLINTON AVE,M4P,137927,Davisville North,**,1208
2013,"1,138",CD,Closed,439 DUPLEX AVE,M4R,138723,North Toronto West,**,1138
2014,"1,170",CD,Closed,195 DUPLEX AVE,M5P,138788,Forest Hill North,1299,1170
2014,"1,170",CD,Closed,197 DUPLEX AVE,M5P,138791,Forest Hill North,1299,1170
2014,"1,170",CD,Closed,199 DUPLEX AVE,M5P,138794,Forest Hill North,1299,1170
2014,"1,170",CD,Closed,201 DUPLEX AVE,M5P,138797,Forest Hill North,1299,1170
2014,"1,170",CD,Closed,203 DUPLEX AVE,M5P,138800,Forest Hill North,1299,1170
2014,"1,170",CD,Closed,205 DUPLEX AVE,M5P,138803,Forest Hill North,1299,1170
2013,"1,138",CD,Closed,1994-2000 YONGE ST,M4S,138807,Davisville,**,1138
2014,"1,170",CD,Closed,207 DUPLEX AVE,M5P,139026,Forest Hill North,1299,1170
2014,"1,170",CD,Closed,209 DUPLEX AVE,M5P,139106,Forest Hill North,1299,1170
2014,"1,170",CD,Closed,211 DUPLEX AVE,M5P,139109,Forest Hill North,1299,1170
2014,"1,170",CD,Closed,54 BERWICK AVE,M5P,139148,Forest Hill North,1299,1170
2014,"1,170",CD,Closed,56 BERWICK AVE,M5P,139151,Forest Hill North,1299,1170
2014,"1,170",CD,Closed,58 BERWICK AVE,M5P,139154,Forest Hill North,1299,1170
2014,"1,170",CD,Closed,62 BERWICK AVE,M5P,139157,Forest Hill North,1299,1170
2014,"1,170",CD,Closed,66 BERWICK AVE,M5P,139236,Forest Hill North,1299,1170
2014,"1,170",CD,Closed,68 BERWICK AVE,M5P,139457,Forest Hill North,1299,1170
2014,"1,170",CD,Closed,70 BERWICK AVE,M5P,139460,Forest Hill North,1299,1170
2014,"1,170",CD,Closed,72 BERWICK AVE,M5P,139463,Forest Hill North,1299,1170
2014,"1,170",CD,Closed,74 BERWICK AVE,M5P,139466,Forest Hill North,1299,1170
2011,"1,073",CD,Closed,555 MORTIMER AVE,M4J,140171,East Toronto,**,1073
2018,"1,370",CD,Under Review ,101 OAKDALE RD,M3N,140418,Downsview Northwest,**,1370
2014,"1,170",CD,Closed,877 WILSON AVE,M3K,142070,CFB Toronto,**,1170
2016,"1,240",CD,Closed,855 WILSON AVE,M3K,142075,CFB Toronto,**,1240
2015,"1,208",CD,Closed,209 WICKSTEED AVE,M4G,142258,Leaside,**,1208
2012,"1,108",CD,Refused,1477 BAYVIEW AVE,M4G,143005,Leaside,**,1108
2017,"1,308",CD,Closed,2522 KEELE ST,M6L,143077,Downsview,1120,1308
2015,"1,208",CD,Closed,2277-2295 SHEPPARD AVE,M9M,143591,Emery,**,1208
2012,"1,108",CD,Closed,701 SHEPPARD AVE,M3H,143952,Bathurst Manor,1111,1108
2011,"1,073",CD,Closed,200-214 DOLOMITE DR,M3J,144028,Northwood Park,**,1073
2013,"1,138",CD,Closed,545 WILSON AVE,M3H,144183,Bathurst Manor,1181,1138
2018,"1,370",CD,Under Review ,35 TANGIERS RD,M3J,144321,Northwood Park,**,1370
2015,"1,208",CD,Closed,645 LAWRENCE AVE,M6A,144459,Lawrence Heights,**,1208
2015,"1,208",CD,Closed,643 LAWRENCE AVE,M6A,144462,Lawrence Heights,**,1208
2015,"1,208",CD,Closed,641 LAWRENCE AVE,M6A,144465,Lawrence Heights,**,1208
2015,"1,208",CD,Closed,639 LAWRENCE AVE,M6A,144468,Lawrence Heights,**,1208
2012,"1,108",CD,Closed,525 WILSON AVE,M3H,144521,Bathurst Manor,1111,1108
2010,"1,048",CD,Closed,2277-2295 SHEPPARD AVE,M9M,145142,Emery,**,1048
2018,"1,370",CD,Draft Plan Approved,747 SHEPPARD AVE,M3H,145205,Bathurst Manor,1342,1370
2014,"1,170",CD,Closed,2828 BATHURST ST,M6B,145673,Glencairn,**,1170
2016,"1,240",CD,Closed,770 LAWRENCE AVE,M6A,145743,Lawrence Heights,**,1240
2016,"1,240",CD,Closed,3083-3085 DUFFERIN ST,M6A,145814,Lawrence Heights,**,1240
2016,"1,240",CD,Closed,3089 DUFFERIN ST,M6A,145815,Lawrence Heights,**,1240
2017,"1,308",CD,Draft Plan Approved,3089 DUFFERIN ST,M6A,145816,Lawrence Heights,**,1308
2012,"1,108",CD,Closed,760 SHEPPARD AVE,M3H,146095,Bathurst Manor,1111,1108
2012,"1,108",CD,Closed,764 SHEPPARD AVE,M3H,146098,Bathurst Manor,1111,1108
2012,"1,108",CD,Closed,724 SHEPPARD AVE,M3H,146685,Bathurst Manor,1111,1108
2017,"1,308",CD,Draft Plan Approved,5218 YONGE ST,M2N,146890,Willowdale South,**,1308
2014,"1,170",CD,Closed,4750 YONGE ST,M2N,146902,Willowdale South,**,1170
2015,"1,208",CD,Closed,15 ELDORA AVE,M2M,146949,Newtonbrook,**,1208
2015,"1,208",CD,Closed,17 ELDORA AVE,M2M,146952,Newtonbrook,**,1208
2015,"1,208",CD,Closed,19 ELDORA AVE,M2M,146955,Newtonbrook,**,1208
2015,"1,208",CD,Closed,21 ELDORA AVE,M2M,146959,Newtonbrook,**,1208
2015,"1,208",CD,Closed,23 ELDORA AVE,M2M,146962,Newtonbrook,**,1208
2015,"1,208",CD,Closed,25 ELDORA AVE,M2M,146965,Newtonbrook,**,1208
2015,"1,208",CD,Closed,49 HENDON AVE,M2M,146968,Newtonbrook,**,1208
2015,"1,208",CD,Closed,9 ELDORA AVE,M2M,147108,Newtonbrook,**,1208
2015,"1,208",CD,Closed,11 ELDORA AVE,M2M,147111,Newtonbrook,**,1208
2015,"1,208",CD,Closed,28 GREENVIEW AVE,M2M,147160,Newtonbrook,**,1208
2017,"1,308",CD,Draft Plan Approved,5200 YONGE ST,M2N,147168,Willowdale South,**,1308
2010,"1,048",CD,Draft Plan Approved,2 ANNDALE DR,M2N,148944,Willowdale South,**,1048
2011,"1,073",CD,Closed,17 ANNDALE DR,M2N,148945,Willowdale South,**,1073
2013,"1,138",CD,Draft Plan Approved,2500 BAYVIEW AVE,M2L,149146,Silver Hills,**,1138
2013,"1,138",CD,Closed,393 SPRING GARDEN AVE,M2N,149336,Willowdale South,**,1138
2017,"1,308",CD,Draft Plan Approved,108 BAYVIEW RIDGE  ,M2L,149354,Silver Hills,**,1308
2017,"1,308",CD,Draft Plan Approved,103 BAYVIEW RIDGE  ,M2L,149650,Silver Hills,**,1308
2016,"1,240",CD,Draft Plan Approved,43 DREWRY AVE,M2M,149803,Newtonbrook,**,1240
2015,"1,208",CD,Final Approval Completed,206 FINCH AVE,M2R,149898,Willowdale West,**,1208
2012,"1,108",CD,Closed,5740 YONGE ST,M2M,150107,Newtonbrook,**,1108
2015,"1,208",CD,Final Approval Completed,208 FINCH AVE,M2R,150119,Willowdale West,**,1208
2012,"1,108",CD,Closed,139 FINCH AVE,M2N,150277,Willowdale South,**,1108
2012,"1,108",CD,Closed,141 FINCH AVE,M2N,150281,Willowdale South,**,1108
2011,"1,073",CD,Closed,169 FINCH AVE,M2N,150286,Willowdale South,**,1073
2011,"1,073",CD,Closed,171 FINCH AVE,M2N,150290,Willowdale South,**,1073
2011,"1,073",CD,Closed,173 FINCH AVE,M2N,150590,Willowdale South,**,1073
2011,"1,073",CD,Closed,177 FINCH AVE,M2N,150594,Willowdale South,**,1073
2012,"1,108",CD,Closed,131 FINCH AVE,M2N,151195,Willowdale South,**,1108
2014,"1,170",CD,Application Received,75 THE DONWAY  ,M3C,151336,Flemingdon Park,1102,1170
2014,"1,170",CD,Closed,75 THE DONWAY  ,M3C,151337,Flemingdon Park,1102,1170
2010,"1,048",CD,Closed,2958 BAYVIEW AVE,M2N,151404,Willowdale South,**,1048
2010,"1,048",CD,Closed,2956 BAYVIEW AVE,M2N,151406,Willowdale South,**,1048
2010,"1,048",CD,Closed,2954 BAYVIEW AVE,M2N,151469,Willowdale South,**,1048
2012,"1,108",CD,Closed,133 FINCH AVE,M2N,151478,Willowdale South,**,1108
2012,"1,108",CD,Closed,137 FINCH AVE,M2N,151482,Willowdale South,**,1108
2010,"1,048",CD,Closed,2952 BAYVIEW AVE,M2N,151766,Willowdale South,**,1048
2014,"1,170",CD,Draft Plan Approved,1181 SHEPPARD AVE,M2K,151812,Bayview Village,1328,1170
2016,"1,240",CD,Closed,125 PARKWAY FOREST DR,M2J,151946,Fairview,1396,1240
2011,"1,073",CD,Closed,17 KENASTON GDNS,M2K,152107,Bayview Village,1381,1073
2018,"1,370",CD,Under Review ,3052 BAYVIEW AVE,M2N,152224,Willowdale South,**,1370
2016,"1,240",CD,Closed,935 EGLINTON AVE,M6C,152280,Humewood-Cedarvale,1386,1240
2016,"1,240",CD,Closed,65 FOREST MANOR RD,M2J,152723,Fairview,1396,1240
2016,"1,240",CD,Closed,110 PARKWAY FOREST DR,M2J,152725,Fairview,1396,1240
2013,"1,138",CD,Draft Plan Approved,100 PARKWAY FOREST DR,M2J,152727,Fairview,1217,1138
2018,"1,370",CD,Draft Plan Approved,591 SHEPPARD AVE,M2K,152795,Bayview Village,1659,1370
2013,"1,138",CD,Closed,100 PARKWAY FOREST DR,M2J,152921,Fairview,1217,1138
2014,"1,170",CD,Closed,100 PARKWAY FOREST DR,M2J,152923,Fairview,1288,1170
2016,"1,240",CD,Closed,32-50 FOREST MANOR RD,M2J,153008,Fairview,1396,1240
2015,"1,208",CD,Under Review ,1677 WESTON RD,M9N,153471,Weston,1045,1208
2016,"1,240",CD,Closed,396 HOPEWELL AVE,M6E,153812,Caledonia-Fairbanks,**,1240
2016,"1,240",CD,Closed,398 HOPEWELL AVE,M6E,153816,Caledonia-Fairbanks,**,1240
2016,"1,240",CD,Closed,398 A HOPEWELL AVE,M6E,153819,Caledonia-Fairbanks,**,1240
2014,"1,170",CD,Under Review ,320 TWEEDSMUIR AVE,M5P,153923,Forest Hill North,1299,1170
2015,"1,208",CD,Closed,2205 SHEPPARD AVE,M2J,153996,Fairview,1329,1208
2017,"1,308",CD,Closed,577 SHEPPARD AVE,M2K,154007,Bayview Village,1538,1308
2014,"1,170",CD,Under Review ,310 TWEEDSMUIR AVE,M5P,154010,Forest Hill North,1299,1170
2016,"1,240",CD,Draft Plan Approved,1100 BRIAR HILL AVE,M6B,154237,Glencairn,**,1240
2016,"1,240",CD,Closed,404 HOPEWELL AVE,M6E,154344,Caledonia-Fairbanks,**,1240
2015,"1,208",CD,Closed,441 JANE ST,M6S,155012,Runnymede,**,1208
2011,"1,073",CD,Closed,38 TIDESWELL BLVD,M1B,155171,Rouge,913,1073
2013,"1,138",CD,Closed,7 B AUSTIN TER,M5R,155292,The Annex,**,1138
2013,"1,138",CD,Draft Plan Approved,18 REAN DR,M2K,155330,Bayview Village,1445,1138
2013,"1,138",CD,Closed,7 C AUSTIN TER,M5R,155370,The Annex,**,1138
2013,"1,138",CD,Closed,7:00 AM AUSTIN TER,M5R,155373,The Annex,**,1138
2012,"1,108",CD,Closed,760 SHEPPARD AVE,M3H,155583,Bathurst Manor,1111,1108
2013,"1,138",CD,Closed,21 WIDMER ST,M5V,155602,CN Tower,**,1138
2013,"1,138",CD,Closed,2008 YONGE ST,M4S,155609,Davisville,**,1138
2018,"1,370",CD,Under Review ,25 CORONET RD,M8Z,155638,Kingsway Park South West,**,1370
2017,"1,308",CD,Closed,21 AVENUE RD,M5R,155658,The Annex,**,1308
2016,"1,240",CD,Closed,125 PARKWAY FOREST DR,M2J,155681,Fairview,1396,1240
2016,"1,240",CD,Closed,130 PARKWAY FOREST DR,M2J,155689,Fairview,1396,1240
2015,"1,208",CD,Closed,36 HAZELTON AVE,M5R,155859,The Annex,**,1208
2016,"1,240",CD,Final Approval Completed,3615 MCNICOLL AVE,M1X,155893,Upper Rouge,**,1240
2016,"1,240",CD,Closed,780 SHEPPARD AVE,M2K,155897,Bayview Village,1496,1240
2010,"1,048",CD,Closed,1636 DUNDAS ST,M6K,155921,Brockton,**,1048
2016,"1,240",CD,Closed,1 SULTAN ST,M5S,155967,Harbord,**,1240
2016,"1,240",CD,Closed,111 BATHURST ST,M5V,156079,CN Tower,**,1240
2015,"1,208",CD,Closed,3560 ST CLAIR AVE,M1K,156137,East Birchmount Park,1006,1208
2015,"1,208",CD,Closed,3560 ST CLAIR AVE,M1K,156137,East Birchmount Park,1015,1208
2018,"1,370",CD,Draft Plan Approved,2263 YONGE ST,M4P,156170,Davisville North,**,1370
2011,"1,073",CD,Closed,484 LYTTON BLVD,M5N,156237,Roselawn,**,1073
2018,"1,370",CD,Under Review ,25 BATHURST ST,M5V,156301,CN Tower,**,1370
2018,"1,370",CD,Under Review ,25 BATHURST ST,M5V,156303,CN Tower,**,1370
2018,"1,370",CD,Closed,50 FOREST MANOR RD,M2J,156370,Fairview,1526,1370
2011,"1,073",CD,Closed,390 CHERRY ST,M5A,156394,Harbourfront,**,1073
2013,"1,138",CD,Closed,390 CHERRY ST,M5A,156395,Harbourfront,**,1138
2013,"1,138",CD,Closed,70 BOULTON AVE,M4M,156439,Studio District,**,1138
2014,"1,170",CD,Closed,11 SUPERIOR AVE,M8V,156443,Humber Bay Shores,879,1170
2015,"1,208",CD,Closed,455 FRONT ST,M5A,156484,Harbourfront,**,1208
2018,"1,370",CD,Draft Plan Approved,8 EGLINTON AVE,M4P,156491,Davisville North,**,1370
2014,"1,170",CD,Closed,2150 LAWRENCE AVE,M1R,156502,Maryvale,**,1170
2012,"1,108",CD,Closed,22 LEADER LANE,M5C,156503,St. James Town,**,1108
2013,"1,138",CD,Closed,299 ADELAIDE ST,M5V,156589,CN Tower,**,1138
2015,"1,208",CD,Closed,377 MADISON AVE,M4V,156599,Deer Park,**,1208
2012,"1,108",CD,Closed,06-Feb EVA RD,M9C,156753,Bloordale Gardens,**,1108
2012,"1,108",CD,Closed,06-Feb EVA RD,M9C,156754,Bloordale Gardens,**,1108
2016,"1,240",CD,Closed,440 ADELAIDE ST,M5V,156831,CN Tower,**,1240
2014,"1,170",CD,Closed,2392-2398 LAKE SHORE BLVD,M8V,156937,Humber Bay Shores,879,1170
2011,"1,073",CD,Closed,3360 KINGSTON RD,M1M,157365,Cliffcrest,1060,1073
2017,"1,308",CD,Under Review ,86 GUIDED CRT,M9V,157648,Albion Gardens,**,1308
2015,"1,208",CD,Closed,6620 FINCH AVE,M9V,157790,Albion Gardens,**,1208
2015,"1,208",CD,Closed,3560 LAKE SHORE BLVD,M8W,157899,Alderwood,949,1208
2015,"1,208",CD,Closed,3560 LAKE SHORE BLVD,M8W,157899,Alderwood,1084,1208
2015,"1,208",CD,Closed,3560 LAKE SHORE BLVD,M8W,157900,Alderwood,1084,1208
2015,"1,208",CD,Closed,3560 LAKE SHORE BLVD,M8W,157900,Alderwood,949,1208
2015,"1,208",CD,Under Review ,431 ROYAL YORK RD,M8Y,158298,Humber Bay,**,1208
2015,"1,208",CD,Closed,3600 LAKE SHORE BLVD,M8W,158301,Alderwood,949,1208
2015,"1,208",CD,Closed,3600 LAKE SHORE BLVD,M8W,158301,Alderwood,1084,1208
2015,"1,208",CD,Closed,3600 LAKE SHORE BLVD,M8W,158302,Alderwood,1084,1208
2015,"1,208",CD,Closed,3600 LAKE SHORE BLVD,M8W,158302,Alderwood,949,1208
2010,"1,048",CD,Closed,1772-1778 ALBION RD,M9V,158338,Albion Gardens,**,1048
2010,"1,048",CD,Closed,1770 ALBION RD,M9V,158341,Albion Gardens,**,1048
2015,"1,208",CD,Closed,80 GALAXY BLVD,M9W,158463,Northwest,**,1208
2014,"1,170",CD,Closed,1780 ALBION RD,M9V,158610,Albion Gardens,**,1170
2012,"1,108",CD,Closed,1183 QUEEN ST,M4M,158824,Studio District,**,1108
2018,"1,370",CD,Draft Plan Approved,36 WELLESLEY ST,M4Y,158872,Church and Wellesley,**,1370
2010,"1,048",CD,Closed,18 LOWER JARVIS ST,M5E,158903,Berczy Park,**,1048
2013,"1,138",CD,Closed,25 MERTON ST,M4S,158923,Davisville,**,1138
2015,"1,208",CD,Closed,50 BARTLETT AVE,M6H,158981,Dovercourt Village,**,1208
2013,"1,138",CD,Closed,3 STADACONA DR,M6A,159039,Lawrence Heights,**,1138
2014,"1,170",CD,Draft Plan Approved,851 MILLWOOD RD,M4G,159046,Leaside,**,1170
2016,"1,240",CD,Closed,213 ST CLAIR AVE,M4V,159052,Deer Park,**,1240
2015,"1,208",CD,Under Review ,1985 VICTORIA PARK AVE,M1R,159076,Maryvale,**,1208
2012,"1,108",CD,Closed,6 EVA RD,M9C,159077,Bloordale Gardens,**,1108
2016,"1,240",CD,Closed,436 ADELAIDE ST,M5V,159117,CN Tower,**,1240
2016,"1,240",CD,Closed,442 ADELAIDE ST,M5V,159123,CN Tower,**,1240
2017,"1,308",CD,Draft Plan Approved,3091 DUFFERIN ST,M6A,159189,Lawrence Heights,**,1308
2014,"1,170",CD,Draft Plan Approved,25 CUNNINGHAM AVE,M6K,159266,Brockton,**,1170
2018,"1,370",CD,Draft Plan Approved,503 ADELAIDE ST,M5V,159290,CN Tower,**,1370
2010,"1,048",CD,Closed,50 R RYERSON AVE,M5T,159464,Chinatown,**,1048
2015,"1,208",CD,Under Review ,1967 VICTORIA PARK AVE,M1R,159655,Maryvale,**,1208
2013,"1,138",CD,Closed,17 KIPPENDAVIE AVE,M4L,159786,The Beaches West,**,1138
2013,"1,138",CD,Closed,1 LYNDHURST CRT,M5R,160078,The Annex,**,1138
2014,"1,170",CD,Draft Plan Approved,1001-1019 SHEPPARD AVE,M2K,160158,Bayview Village,1328,1170
2014,"1,170",CD,Closed,940 LANSDOWNE AVE,M6H,160223,Dovercourt Village,**,1170
2013,"1,138",CD,Draft Plan Approved,120-130 GEORGE HENRY BLVD,M2J,160412,Fairview,1217,1138
2013,"1,138",CD,Closed,120-130 GEORGE HENRY BLVD,M2J,160413,Fairview,1217,1138
2014,"1,170",CD,Closed,120-130 GEORGE HENRY BLVD,M2J,160414,Fairview,1288,1170
2016,"1,240",CD,Closed,120-130 GEORGE HENRY BLVD,M2J,160416,Fairview,1396,1240
2014,"1,170",CD,Closed,349 CARLAW AVE,M4M,160500,Studio District,**,1170
2010,"1,048",CD,Closed,150 SUDBURY ST,M6J,160575,Little Portugal,**,1048
2017,"1,308",CD,Draft Plan Approved,5184 YONGE ST,M2N,160866,Willowdale South,**,1308
2013,"1,138",CD,Closed,31 WIDMER ST,M5V,160899,CN Tower,**,1138
2015,"1,208",CD,Closed,200 JARVIS ST,M5B,160921,Ryerson,**,1208
2017,"1,308",CD,Draft Plan Approved,5186 YONGE ST,M2N,161123,Willowdale South,**,1308
2017,"1,308",CD,Draft Plan Approved,5192 YONGE ST,M2N,161126,Willowdale South,**,1308
2014,"1,170",CD,Closed,21 AVENUE RD,M5R,161191,The Annex,**,1170
2018,"1,370",CD,Under Review ,144 BERRY RD,M8Y,162125,Humber Bay,**,1370
2016,"1,240",CD,Closed,636 EVANS AVE,M8W,162284,Alderwood,945,1240
2016,"1,240",CD,Closed,636 EVANS AVE,M8W,162284,Alderwood,1245,1240
2014,"1,170",CD,Closed,3879 BLOOR ST,M9B,162479,Cloverdale,**,1170
2018,"1,370",CD,Under Review ,150 BERRY RD,M8Y,162508,Humber Bay,**,1370
2018,"1,370",CD,Closed,5365 DUNDAS ST,M9B,162606,Cloverdale,**,1370
2011,"1,073",CD,Closed,1214 ROYAL YORK RD,M9A,162631,Islington Avenue,**,1073
2012,"1,108",CD,Closed,1 VALHALLA INN RD,M9B,162878,Cloverdale,**,1108
2016,"1,240",CD,Closed,15 ZORRA ST,M8Z,162965,Kingsway Park South West,**,1240
2012,"1,108",CD,Draft Plan Approved,1 VALHALLA INN RD,M9B,163128,Cloverdale,**,1108
2016,"1,240",CD,Closed,2 HOLIDAY DR,M9C,163291,Bloordale Gardens,**,1240
2012,"1,108",CD,Closed,2 EVA RD,M9C,163612,Bloordale Gardens,**,1108
2012,"1,108",CD,Closed,6 EVA RD,M9C,163614,Bloordale Gardens,**,1108
2017,"1,308",CD,Draft Plan Approved,5182 YONGE ST,M2N,163756,Willowdale South,**,1308
2014,"1,170",CD,Draft Plan Approved,18 CONCORDE PL,M3C,163787,Flemingdon Park,1102,1170
2011,"1,073",CD,Closed,177 FINCH AVE,M2N,163800,Willowdale South,**,1073
2015,"1,208",CD,Under Review ,1991 VICTORIA PARK AVE,M1R,163823,Maryvale,**,1208
2011,"1,073",CD,Closed,1214 ROYAL YORK RD,M9A,163875,Islington Avenue,**,1073
2014,"1,170",CD,Draft Plan Approved,18 FORT YORK BLVD,M5V,163885,CN Tower,**,1170
2014,"1,170",CD,Closed,111 ST CLAIR AVE,M4V,163891,Deer Park,**,1170
2018,"1,370",CD,Draft Plan Approved,899 QUEEN ST,M4M,164063,Studio District,**,1370
2018,"1,370",CD,Closed,21 ALLENBURY GDNS,M2J,164082,Fairview,1526,1370
2016,"1,240",CD,Closed,100 PARKWAY FOREST DR,M2J,164094,Fairview,1396,1240
2014,"1,170",CD,Closed,940 LANSDOWNE AVE,M6H,164125,Dovercourt Village,**,1170
2017,"1,308",CD,Closed,501 ST CLAIR AVE,M5R,164152,The Annex,**,1308
2016,"1,240",CD,Closed,1962 A QUEEN ST,M4L,164220,The Beaches West,**,1240
2011,"1,073",CD,Closed,250 MANNING AVE,M6J,164256,Little Portugal,**,1073
2016,"1,240",CD,Closed,80 FOREST MANOR RD,M2J,164263,Fairview,1396,1240
2018,"1,370",CD,Draft Plan Approved,1548 KINGSTON RD,M1N,164287,Birch Cliff,**,1370
2018,"1,370",CD,Draft Plan Approved,5 GLOUCESTER ST,M4Y,164324,Church and Wellesley,**,1370
2013,"1,138",CD,Closed,70 BOULTON AVE,M4M,164409,Studio District,**,1138
2015,"1,208",CD,Closed,34 HAZELTON AVE,M5R,164419,The Annex,**,1208
2017,"1,308",CD,Draft Plan Approved,1355 NEILSON RD,M1B,164449,Rouge,1141,1308
2010,"1,048",CD,Closed,5101 DUNDAS ST,M9A,164455,Islington Avenue,**,1048
2016,"1,240",CD,Closed,64 B SHUTER ST,M5B,164472,Ryerson,**,1240
2014,"1,170",CD,Closed,191 DUPLEX AVE,M5P,164588,Forest Hill North,1299,1170
2012,"1,108",CD,Closed,758 SHEPPARD AVE,M3H,164646,Bathurst Manor,1111,1108
2016,"1,240",CD,Closed,130 PARKWAY FOREST DR,M2J,164660,Fairview,1396,1240
2012,"1,108",CD,Closed,758 SHEPPARD AVE,M3H,164693,Bathurst Manor,1111,1108
2018,"1,370",CD,Draft Plan Approved,95 BERKELEY ST,M5A,164712,Harbourfront,**,1370
2018,"1,370",CD,Draft Plan Approved,850 YONGE ST,M4W,164741,Rosedale,**,1370
2018,"1,370",CD,Draft Plan Approved,850 YONGE ST,M4W,164742,Rosedale,**,1370
2017,"1,308",CD,Draft Plan Approved,1030 ISLINGTON AVE,M8Z,164801,Kingsway Park South West,**,1308
2010,"1,048",CD,Closed,1717 AVENUE RD,M5M,164819,Bedford Park,**,1048
2018,"1,370",CD,Under Review ,2183 LAKE SHORE BLVD,M8V,164946,Humber Bay Shores,1046,1370
2018,"1,370",CD,Under Review ,2183 LAKE SHORE BLVD,M8V,164947,Humber Bay Shores,1046,1370
2016,"1,240",CD,Closed,130 GEORGE HENRY BLVD,M2J,165009,Fairview,1396,1240
2018,"1,370",CD,Under Review ,2183 LAKE SHORE BLVD,M8V,165148,Humber Bay Shores,1046,1370
2016,"1,240",CD,Closed,36 PARK LAWN RD,M8Y,165227,Humber Bay,**,1240
2017,"1,308",CD,Under Review ,10 PARK LAWN RD,M8Y,165235,Humber Bay,**,1308
2015,"1,208",CD,Under Review ,28 MARINA AVE,M8W,165247,Alderwood,949,1208
2015,"1,208",CD,Under Review ,28 MARINA AVE,M8W,165247,Alderwood,1084,1208
2018,"1,370",CD,Closed,05-Mar ALLENBURY GDNS,M2J,165419,Fairview,1526,1370
2012,"1,108",CD,Closed,3563 LAKE SHORE BLVD,M8W,165426,Alderwood,1133,1108
2012,"1,108",CD,Closed,3563 LAKE SHORE BLVD,M8W,165426,Alderwood,831,1108
2010,"1,048",CD,Closed,20 MARINA AVE,M8W,165433,Alderwood,**,1048
2010,"1,048",CD,Closed,20 MARINA AVE,M8W,165433,Alderwood,1149,1048
2012,"1,108",CD,Closed,2230 LAKE SHORE BLVD,M8V,165448,Humber Bay Shores,854,1108
2014,"1,170",CD,Closed,475 ROGERS RD,M6M,165706,Del Ray,1053,1170
2018,"1,370",CD,Under Review ,68 DAISY AVE,M8W,165711,Alderwood,1041,1370
2018,"1,370",CD,Under Review ,68 DAISY AVE,M8W,165711,Alderwood,1435,1370
2013,"1,138",CD,Closed,2 OLD MILL DR,M6S,165914,Runnymede,**,1138
2017,"1,308",CD,Final Approval Completed,204 BATHURST ST,M5T,165973,Chinatown,**,1308
2016,"1,240",CD,Closed,571 DUNDAS ST,M5T,166016,Chinatown,**,1240
2013,"1,138",CD,Closed,2500 BLOOR ST,M6S,166076,Runnymede,**,1138
2016,"1,240",CD,Draft Plan Approved,2151-2153 LAKE SHORE BLVD,M8V,166120,Humber Bay Shores,950,1240
2013,"1,138",CD,Closed,1:00 AM LYNDHURST CRT,M5R,166145,The Annex,**,1138
2016,"1,240",CD,Draft Plan Approved,2151-2153 LAKE SHORE BLVD,M8V,166185,Humber Bay Shores,950,1240
2014,"1,170",CD,Closed,2157 LAKE SHORE BLVD,M8V,166196,Humber Bay Shores,879,1170
2017,"1,308",CD,Closed,2800 KEELE ST,M3M,166202,Downsview Central,**,1308
2014,"1,170",CD,Closed,32 DAVENPORT RD,M5R,166236,The Annex,**,1170
2013,"1,138",CD,Closed,1 B LYNDHURST CRT,M5R,166337,The Annex,**,1138
2013,"1,138",CD,Closed,1 C LYNDHURST CRT,M5R,166340,The Annex,**,1138
2013,"1,138",CD,Closed,21 SHAFTESBURY AVE,M4T,166389,Moore Park,1439,1138
2016,"1,240",CD,Closed,80 FOREST MANOR RD,M2J,166818,Fairview,1396,1240
2015,"1,208",CD,Under Review ,1973 VICTORIA PARK AVE,M1R,166825,Maryvale,**,1208
2016,"1,240",CD,Closed,927 A EGLINTON AVE,M6C,166902,Humewood-Cedarvale,1386,1240
2011,"1,073",CD,Closed,2761 MARKHAM RD,M1X,166952,Upper Rouge,**,1073
2010,"1,048",CD,Closed,0 SINGER CRT,M2K,167180,Bayview Village,1325,1048
2013,"1,138",CD,Closed,68 MARINE PARADE DR,M8V,167219,Humber Bay Shores,886,1138
2011,"1,073",CD,Closed,484 LYTTON BLVD,M5N,167516,Roselawn,**,1073
2015,"1,208",CD,Closed,199 RICHMOND ST,M5V,167635,CN Tower,**,1208
2016,"1,240",CD,Closed,199 RICHMOND ST,M5V,167636,CN Tower,**,1240
2018,"1,370",CD,Draft Plan Approved,955 BAY ST,M5S,167663,Harbord,**,1370
2014,"1,170",CD,Closed,180 SUDBURY ST,M6J,167696,Little Portugal,**,1170
2016,"1,240",CD,Draft Plan Approved,26 FIELDWAY RD,M8Z,167859,Kingsway Park South West,**,1240
2016,"1,240",CD,Draft Plan Approved,30 FIELDWAY RD,M8Z,167862,Kingsway Park South West,**,1240
2017,"1,308",CD,Closed,1040 ISLINGTON AVE,M8Z,167869,Kingsway Park South West,**,1308
2017,"1,308",CD,Draft Plan Approved,1040 ISLINGTON AVE,M8Z,167870,Kingsway Park South West,**,1308
2017,"1,308",CD,Draft Plan Approved,2059 WESTON RD,M9N,167927,Weston,1117,1308
2016,"1,240",CD,Closed,46 NORTH QUEEN ST,M8Z,169682,Kingsway Park South West,**,1240
2014,"1,170",CD,Closed,760 THE QUEENSWAY  ,M8Z,169948,Kingsway Park South West,**,1170
2018,"1,370",CD,Closed,17 ALLENBURY GDNS,M2J,170088,Fairview,1526,1370
2017,"1,308",CD,Draft Plan Approved,10 YORK ST,M5J,170090,Harbourfront East,**,1308
2015,"1,208",CD,Closed,441 RICHMOND ST,M5V,170224,CN Tower,**,1208
2017,"1,308",CD,Closed,1088 KINGSTON RD,M1N,170262,Birch Cliff,**,1308
2018,"1,370",CD,Under Review ,8833 SHEPPARD AVE,M1B,170308,Rouge,1162,1370
2018,"1,370",CD,Draft Plan Approved,118 PARLIAMENT ST,M5A,170369,Harbourfront,**,1370
2016,"1,240",CD,Closed,400 A HOPEWELL AVE,M6E,170397,Caledonia-Fairbanks,**,1240
2016,"1,240",CD,Closed,400 HOPEWELL AVE,M6E,170400,Caledonia-Fairbanks,**,1240
2018,"1,370",CD,Closed,3 KINGSLAKE RD,M2J,170413,Fairview,1526,1370
2015,"1,208",CD,Under Review ,1979 VICTORIA PARK AVE,M1R,170443,Maryvale,**,1208
2018,"1,370",CD,Closed,5 KINGSLAKE RD,M2J,170450,Fairview,1526,1370
2016,"1,240",CD,Closed,50 CHARLES ST,M4Y,170465,Church and Wellesley,**,1240
2017,"1,308",CD,Closed,50 CHARLES ST,M4Y,170467,Church and Wellesley,**,1308
2015,"1,208",CD,Draft Plan Approved,17 R BEVERLEY ST,M5T,170509,Chinatown,**,1208
2010,"1,048",CD,Closed,676 SHEPPARD AVE,M2K,170530,Bayview Village,1325,1048
2016,"1,240",CD,Closed,221 ST CLAIR AVE,M4V,170549,Deer Park,**,1240
2012,"1,108",CD,Draft Plan Approved,175 MADISON AVE,M5R,170584,The Annex,**,1108
2018,"1,370",CD,Closed,11 ALLENBURY GDNS,M2J,170594,Fairview,1526,1370
2016,"1,240",CD,Closed,1962 QUEEN ST,M4L,170632,The Beaches West,**,1240
2012,"1,108",CD,Closed,2 EVA RD,M9C,170648,Bloordale Gardens,**,1108
2016,"1,240",CD,Closed,925 EGLINTON AVE,M6C,170669,Humewood-Cedarvale,1386,1240
2016,"1,240",CD,Closed,927 EGLINTON AVE,M6C,170672,Humewood-Cedarvale,1386,1240
2014,"1,170",CD,Closed,50 CURZON ST,M4M,170681,Studio District,**,1170
2010,"1,048",CD,Closed,570 WELLINGTON ST,M5V,170688,CN Tower,**,1048
2018,"1,370",CD,Draft Plan Approved,602 KING ST,M5V,170749,CN Tower,**,1370
2018,"1,370",CD,Closed,173 EGLINTON AVE,M4P,170764,Davisville North,**,1370
2015,"1,208",CD,Closed,185 DAVENPORT RD,M5R,170790,The Annex,**,1208
2014,"1,170",CD,Closed,133 HAZELTON AVE,M5R,170802,The Annex,**,1170
2013,"1,138",CD,Closed,568 JARVIS ST,M4Y,170854,Church and Wellesley,**,1138
2016,"1,240",CD,Closed,3 SULTAN ST,M5S,170895,Harbord,**,1240
2016,"1,240",CD,Closed,217 ST CLAIR AVE,M4V,171019,Deer Park,**,1240
2017,"1,308",CD,Closed,132 QUEENS QUAY  ,M5A,171050,Harbourfront,**,1308
2016,"1,240",CD,Closed,646 KINGSTON RD,M4E,171062,The Beaches,1217,1240
2011,"1,073",CD,Closed,840 COXWELL AVE,M4C,171115,Woodbine Heights,**,1073
2012,"1,108",CD,Closed,24 BATHURST ST,M5V,171163,CN Tower,**,1108
2017,"1,308",CD,Closed,1238 AVENUE RD,M5N,171224,Roselawn,**,1308
2016,"1,240",CD,Closed,250 ROYAL YORK RD,M8V,171426,Humber Bay Shores,950,1240
2015,"1,208",CD,Closed,445 RICHMOND ST,M5V,171446,CN Tower,**,1208
2016,"1,240",CD,Closed,280 MANSE RD,M1E,171492,Guildwood,**,1240
2016,"1,240",CD,Closed,280 MANSE RD,M1E,171492,Guildwood,1043,1240
2016,"1,240",CD,Closed,280 MANSE RD,M1E,171492,Guildwood,1068,1240
2014,"1,170",CD,Closed,16 YORK ST,M5J,171662,Harbourfront East,**,1170
2012,"1,108",CD,Closed,1246 AVENUE RD,M5N,171671,Roselawn,**,1108
2018,"1,370",CD,Closed,35 DUNDONALD ST,M4Y,171685,Church and Wellesley,**,1370
2016,"1,240",CD,Closed,2175 LAKE SHORE BLVD,M8V,171715,Humber Bay Shores,950,1240
2017,"1,308",CD,Draft Plan Approved,5218 YONGE ST,M2N,171764,Willowdale South,**,1308
2013,"1,138",CD,Closed,180 SHAW ST,M6J,171779,Little Portugal,**,1138
2015,"1,208",CD,Closed,38 HAZELTON AVE,M5R,171815,The Annex,**,1208
2017,"1,308",CD,Closed,1445 BATHURST ST,M5R,171817,The Annex,**,1308
2015,"1,208",CD,Closed,270 SPADINA AVE,M5T,171851,Chinatown,**,1208
2010,"1,048",CD,Under Review ,4759-4789 YONGE ST,M2N,171898,Willowdale South,**,1048
2012,"1,108",CD,Draft Plan Approved,4759-4789 YONGE ST,M2N,171899,Willowdale South,**,1108
2014,"1,170",CD,Closed,2737 KEELE ST,M3M,171968,Downsview Central,**,1170
2018,"1,370",CD,Closed,50 WELLESLEY ST,M4Y,171977,Church and Wellesley,**,1370
2015,"1,208",CD,Draft Plan Approved,23 BEVERLEY ST,M5T,172016,Chinatown,**,1208
2012,"1,108",CD,Closed,1638 BLOOR ST,M6P,172153,High Park,**,1108
2017,"1,308",CD,Closed,1092 KINGSTON RD,M1N,172167,Birch Cliff,**,1308
2017,"1,308",CD,Closed,1451 BATHURST ST,M5R,172210,The Annex,**,1308
2012,"1,108",CD,Closed,530 ST CLAIR AVE,M6C,172256,Humewood-Cedarvale,1141,1108
2014,"1,170",CD,Closed,30 HOWARD PARK AVE,M6R,172285,Parkdale,942,1170
2013,"1,138",CD,Closed,2200 LAKE SHORE BLVD,M8V,172316,Humber Bay Shores,886,1138
2013,"1,138",CD,Closed,2200 LAKE SHORE BLVD,M8V,172317,Humber Bay Shores,886,1138
2014,"1,170",CD,Closed,2010 ELLESMERE RD,M1H,172341,Cedarbrae,**,1170
2016,"1,240",CD,Closed,3087-3095 DUFFERIN ST,M6A,172413,Lawrence Heights,**,1240
2016,"1,240",CD,Closed,109 OSSINGTON AVE,M6J,172421,Little Portugal,**,1240
2016,"1,240",CD,Closed,210 EASTERN AVE,M5A,172629,Harbourfront,**,1240
2018,"1,370",CD,Draft Plan Approved,11 ADELAIDE PL,M5V,172749,CN Tower,**,1370
2013,"1,138",CD,Closed,75 ST NICHOLAS ST,M4Y,172766,Church and Wellesley,**,1138
2017,"1,308",CD,Under Review ,99 BROADWAY AVE,M4P,172835,Davisville North,**,1308
2015,"1,208",CD,Under Review ,1973-1991 VICTORIA PARK AVE,M1R,172838,Maryvale,**,1208
2015,"1,208",CD,Closed,185 DAVENPORT RD,M5R,172864,The Annex,**,1208
2011,"1,073",CD,Closed,250 MANNING AVE,M6J,172873,Little Portugal,**,1073
2010,"1,048",CD,Closed,8 HIGHBOURNE RD,M5P,172930,Forest Hill North,1066,1048
2014,"1,170",CD,Final Approval Completed,892 THE QUEENSWAY  ,M8Z,172948,Kingsway Park South West,**,1170
2012,"1,108",CD,Closed,3567 LAKE SHORE BLVD,M8W,173038,Alderwood,1133,1108
2012,"1,108",CD,Closed,3567 LAKE SHORE BLVD,M8W,173038,Alderwood,831,1108
2017,"1,308",CD,Closed,1377 SHEPPARD AVE,M3K,173062,CFB Toronto,**,1308
2017,"1,308",CD,Closed,1377 SHEPPARD AVE,M3K,173064,CFB Toronto,**,1308
2015,"1,208",CD,Draft Plan Approved,2179 WESTON RD,M9N,173071,Weston,1045,1208
2013,"1,138",CD,Closed,17 KIPPENDAVIE AVE,M4L,173132,The Beaches West,**,1138
2016,"1,240",CD,Closed,1657 BATHURST ST,M5P,173220,Forest Hill North,1327,1240
2014,"1,170",CD,Draft Plan Approved,19 CUNNINGHAM AVE,M6K,173263,Brockton,**,1170
2017,"1,308",CD,Closed,135 YORKVILLE AVE,M5R,173275,The Annex,**,1308
2015,"1,208",CD,Under Review ,62 LONG BRANCH AVE,M8W,173315,Alderwood,1084,1208
2015,"1,208",CD,Under Review ,62 LONG BRANCH AVE,M8W,173315,Alderwood,949,1208
2015,"1,208",CD,Closed,1 BLOOR ST,M4W,173332,Rosedale,**,1208
2018,"1,370",CD,Under Review ,175 JONES AVE,M4M,173344,Studio District,**,1370
2014,"1,170",CD,Closed,32 DAVENPORT RD,M5R,173380,The Annex,**,1170
2012,"1,108",CD,Closed,999 DUNDAS ST,M4M,173479,Studio District,**,1108
2013,"1,138",CD,Closed,1144 ISLINGTON AVE,M8Z,173535,Kingsway Park South West,**,1138
2012,"1,108",CD,Closed,37 KING ST,M5C,173571,St. James Town,**,1108
2018,"1,370",CD,Draft Plan Approved,171 ROEHAMPTON AVE,M4P,173719,Davisville North,**,1370
2018,"1,370",CD,Under Review ,480 UNIVERSITY AVE,M5G,173734,Central Bay Street,**,1370
2015,"1,208",CD,Closed,364 DUNDAS ST,M5A,173736,Harbourfront,**,1208
2013,"1,138",CD,Closed,76 KIPPENDAVIE AVE,M4L,173888,The Beaches West,**,1138
2012,"1,108",CD,Closed,135 FINCH AVE,M2N,173917,Willowdale South,**,1108
2014,"1,170",CD,Draft Plan Approved,844 RICHMOND ST,M6J,174035,Little Portugal,**,1170
2016,"1,240",CD,Closed,50-60 CHARLES ST,M4Y,174045,Church and Wellesley,**,1240
2017,"1,308",CD,Closed,50-60 CHARLES ST,M4Y,174046,Church and Wellesley,**,1308
2018,"1,370",CD,Draft Plan Approved,122 PARLIAMENT ST,M5A,174059,Harbourfront,**,1370
2016,"1,240",CD,Closed,297 COLLEGE ST,M5T,174135,Chinatown,**,1240
2013,"1,138",CD,Closed,120 TWENTY FOURTH ST,M8V,174160,Humber Bay Shores,886,1138
2014,"1,170",CD,Closed,280 DONLANDS AVE,M4J,174222,East Toronto,**,1170
2014,"1,170",CD,Closed,303 KINGSTON RD,M4L,174251,The Beaches West,**,1170
