,YEAR,Bachelor,1 Bedroom,2 Bedroom,3 Bedroom +,Total,APPLICATION_TYPE,STATUS,ADDRESS,Postcode,_id
0,2008,764,927,"1,095","1,293","1,021",CD,Closed,22 A BIRCH AVE,M4V,164795
1,2008,764,927,"1,095","1,293","1,021",CD,Closed,3670 VICTORIA PARK AVE,M2H,166494
2,2008,764,927,"1,095","1,293","1,021",CD,Closed,125 NANTUCKET BLVD,M1P,119676
3,2008,764,927,"1,095","1,293","1,021",CD,Closed,125 NANTUCKET BLVD,M1P,119677
4,2008,764,927,"1,095","1,293","1,021",CD,Closed,22 D BIRCH AVE,M4V,164731
5,2008,764,927,"1,095","1,293","1,021",CD,Closed,35 HAYDEN ST,M4Y,170979
6,2008,764,927,"1,095","1,293","1,021",CD,Closed,170 WICKSTEED AVE,M4G,142682
7,2008,764,927,"1,095","1,293","1,021",CD,Closed,22 C BIRCH AVE,M4V,165377
8,2008,764,927,"1,095","1,293","1,021",CD,Closed,22 B BIRCH AVE,M4V,164732
9,2008,764,927,"1,095","1,293","1,021",CD,Closed,740 EGLINTON AVE,M5N,138838
10,2009,758,926,"1,096","1,299","1,018",CD,Under Review,1973-1991 VICTORIA PARK AVE,M1R,172837
11,2009,758,926,"1,096","1,299","1,018",CD,Under Review,1955 VICTORIA PARK AVE,M1R,120019
12,2009,758,926,"1,096","1,299","1,018",CD,Closed,53 HIGH PARK BLVD,M6R,122955
13,2009,758,926,"1,096","1,299","1,018",CD,Draft Plan Approved,6 DALE AVE,M4W,134127
14,2009,758,926,"1,096","1,299","1,018",CD,Closed,28 ST THOMAS ST,   ,172278
15,2009,758,926,"1,096","1,299","1,018",CD,Closed,1670 BAYVIEW AVE,M4G,172351
16,2009,758,926,"1,096","1,299","1,018",CD,Closed,101 BLOOR ST,   ,117546
17,2009,758,926,"1,096","1,299","1,018",CD,Closed,2 B MINTO ST,M4L,116534
18,2009,758,926,"1,096","1,299","1,018",CD,Closed,222 CHRISTIE ST,M6G,128340
19,2010,777,949,"1,123","1,329","1,048",CD,Closed,56 LIPPINCOTT ST,M5T,130148
20,2010,777,949,"1,123","1,329","1,048",CD,Closed,1386 GERRARD ST,M4L,131955
21,2010,777,949,"1,123","1,329","1,048",CD,Under Review ,80 BELL ESTATE RD,M1L,116813
22,2010,777,949,"1,123","1,329","1,048",CD,Closed,20 MARINA AVE,M8W,165433
23,2010,777,949,"1,123","1,329","1,048",CD,Closed,5101 DUNDAS ST,   ,117072
24,2010,777,949,"1,123","1,329","1,048",CD,Closed,3720 MIDLAND AVE,M1V,117100
25,2010,777,949,"1,123","1,329","1,048",CD,Draft Plan Approved,2 ANNDALE DR,M2N,148944
26,2010,777,949,"1,123","1,329","1,048",CD,Closed,0 SINGER CRT,M2K,167180
27,2010,777,949,"1,123","1,329","1,048",CD,Closed,6630 FINCH AVE,   ,157465
28,2010,777,949,"1,123","1,329","1,048",CD,Closed,190 SILVER STAR BLVD,   ,117847
29,2010,777,949,"1,123","1,329","1,048",CD,Closed,1636 DUNDAS ST,M6K,155921
30,2010,777,949,"1,123","1,329","1,048",CD,Closed,2958 BAYVIEW AVE,M2N,151404
31,2010,777,949,"1,123","1,329","1,048",CD,Closed,2956 BAYVIEW AVE,M2N,151406
32,2010,777,949,"1,123","1,329","1,048",CD,Closed,2954 BAYVIEW AVE,M2N,151469
33,2010,777,949,"1,123","1,329","1,048",CD,Closed,2952 BAYVIEW AVE,M2N,151766
34,2010,777,949,"1,123","1,329","1,048",CD,Closed,5101 DUNDAS ST,M9A,164455
35,2010,777,949,"1,123","1,329","1,048",CD,Closed,620 DUNDAS ST,   ,166425
36,2010,777,949,"1,123","1,329","1,048",CD,Closed,620 DUNDAS ST,   ,166320
37,2010,777,949,"1,123","1,329","1,048",CD,Closed,1717 AVENUE RD,M5M,164819
38,2010,777,949,"1,123","1,329","1,048",CD,Under Review ,4759-4789 YONGE ST,M2N,171898
39,2010,777,949,"1,123","1,329","1,048",CD,Closed,295 VILLAGE GREEN SQ,   ,166775
40,2010,777,949,"1,123","1,329","1,048",CD,Closed,650 SHEPPARD AVE,M2K,116615
41,2010,777,949,"1,123","1,329","1,048",CD,Closed,1772-1778 ALBION RD,M9V,158338
42,2010,777,949,"1,123","1,329","1,048",CD,Closed,7 OAK ST,   ,167464
43,2010,777,949,"1,123","1,329","1,048",CD,Under Review ,5 SHEPPARD AVE,   ,159156
44,2010,777,949,"1,123","1,329","1,048",CD,Closed,2277-2295 SHEPPARD AVE,M9M,145142
45,2010,777,949,"1,123","1,329","1,048",CD,Closed,18 LOWER JARVIS ST,M5E,158903
46,2010,777,949,"1,123","1,329","1,048",CD,Closed,50 R RYERSON AVE,M5T,159464
47,2010,777,949,"1,123","1,329","1,048",CD,Closed,1770 ALBION RD,M9V,158341
48,2010,777,949,"1,123","1,329","1,048",CD,Closed,38 ABELL ST,   ,167373
49,2010,777,949,"1,123","1,329","1,048",CD,Closed,8 HIGHBOURNE RD,M5P,172930
50,2010,777,949,"1,123","1,329","1,048",CD,Closed,152 ANNETTE ST,   ,123994
51,2010,777,949,"1,123","1,329","1,048",CD,Closed,676 SHEPPARD AVE,M2K,170530
52,2010,777,949,"1,123","1,329","1,048",CD,Closed,150 SUDBURY ST,M6J,160575
53,2010,777,949,"1,123","1,329","1,048",CD,Closed,20 FOUNDRY AVE,   ,116523
54,2010,777,949,"1,123","1,329","1,048",CD,Closed,570 WELLINGTON ST,M5V,170688
55,2011,819,977,"1,148","1,356","1,073",CD,Closed,151 VILLAGE GREEN SQ,   ,166774
56,2011,819,977,"1,148","1,356","1,073",CD,Closed,38 TIDESWELL BLVD,M1B,123714
57,2011,819,977,"1,148","1,356","1,073",CD,Closed,650 KING ST,M5V,128974
58,2011,819,977,"1,148","1,356","1,073",CD,Closed,5 HANNA AVE,   ,170352
59,2011,819,977,"1,148","1,356","1,073",CD,Closed,1060 SHEPPARD AVE,   ,159062
60,2011,819,977,"1,148","1,356","1,073",CD,Closed,1480 QUEEN ST,M6K,122835
61,2011,819,977,"1,148","1,356","1,073",CD,Closed,177 FINCH AVE,M2N,163800
62,2011,819,977,"1,148","1,356","1,073",CD,Closed,181 VILLAGE GREEN SQ,   ,166776
63,2011,819,977,"1,148","1,356","1,073",CD,Closed,207 BEVERLEY ST,M5T,130395
64,2011,819,977,"1,148","1,356","1,073",CD,Closed,484 LYTTON BLVD,M5N,156237
65,2011,819,977,"1,148","1,356","1,073",CD,Closed,390 CHERRY ST,M5A,156394
66,2011,819,977,"1,148","1,356","1,073",CD,Closed,2761 MARKHAM RD,M1X,166952
67,2011,819,977,"1,148","1,356","1,073",CD,Closed,2 OSSINGTON AVE,M6J,124664
68,2011,819,977,"1,148","1,356","1,073",CD,Closed,200 ANNETTE ST,M6P,121132
69,2011,819,977,"1,148","1,356","1,073",CD,Closed,300 NANTUCKET BLVD,M1P,118630
70,2011,819,977,"1,148","1,356","1,073",CD,Closed,840 COXWELL AVE,M4C,171115
71,2011,819,977,"1,148","1,356","1,073",CD,Closed,3360 KINGSTON RD,M1M,120578
72,2011,819,977,"1,148","1,356","1,073",CD,Closed,25 STAFFORD ST,M5V,125087
73,2011,819,977,"1,148","1,356","1,073",CD,Closed,330 KING ST,   ,171211
74,2011,819,977,"1,148","1,356","1,073",CD,Closed,3360 KINGSTON RD,M1M,157365
75,2011,819,977,"1,148","1,356","1,073",CD,Closed,1214 ROYAL YORK RD,M9A,163875
76,2011,819,977,"1,148","1,356","1,073",CD,Closed,250 MANNING AVE,M6J,164256
77,2011,819,977,"1,148","1,356","1,073",CD,Closed,1214 ROYAL YORK RD,M9A,162631
78,2011,819,977,"1,148","1,356","1,073",CD,Closed,484 LYTTON BLVD,M5N,167516
79,2011,819,977,"1,148","1,356","1,073",CD,Closed,250 MANNING AVE,M6J,172873
80,2011,819,977,"1,148","1,356","1,073",CD,Closed,200-214 DOLOMITE DR,M3J,144028
81,2011,819,977,"1,148","1,356","1,073",CD,Closed,184 ST CLAIR AVE,M4T,134464
82,2011,819,977,"1,148","1,356","1,073",CD,Closed,500 WELLINGTON ST,M5V,127875
83,2011,819,977,"1,148","1,356","1,073",CD,Closed,225 SACKVILLE ST,   ,116359
84,2011,819,977,"1,148","1,356","1,073",CD,Closed,20 BATHURST ST,   ,173210
85,2011,819,977,"1,148","1,356","1,073",CD,Closed,390 CHERRY ST,   ,116935
86,2011,819,977,"1,148","1,356","1,073",CD,Closed,17 ANNDALE DR,M2N,148945
87,2011,819,977,"1,148","1,356","1,073",CD,Closed,591 DUNDAS ST,M5T,131930
88,2011,819,977,"1,148","1,356","1,073",CD,Closed,620 CHURCH ST,M4Y,131427
89,2011,819,977,"1,148","1,356","1,073",CD,Closed,169 FINCH AVE,M2N,150286
90,2011,819,977,"1,148","1,356","1,073",CD,Closed,171 FINCH AVE,M2N,150290
91,2011,819,977,"1,148","1,356","1,073",CD,Closed,177 FINCH AVE,M2N,150594
92,2011,819,977,"1,148","1,356","1,073",CD,Closed,173 FINCH AVE,M2N,150590
93,2011,819,977,"1,148","1,356","1,073",CD,Closed,10 BURKEBROOK PL,   ,172427
94,2011,819,977,"1,148","1,356","1,073",CD,Closed,17 KENASTON GDNS,M2K,152107
95,2011,819,977,"1,148","1,356","1,073",CD,Closed,38 TIDESWELL BLVD,M1B,155171
96,2011,819,977,"1,148","1,356","1,073",CD,Closed,555 MORTIMER AVE,M4J,140171
97,2012,837,"1,007","1,183","1,411","1,108",CD,Closed,6 EVA RD,M9C,159077
98,2012,837,"1,007","1,183","1,411","1,108",CD,Closed,525 WILSON AVE,M3H,144521
99,2012,837,"1,007","1,183","1,411","1,108",CD,Closed,125 WESTERN BATTERY RD,   ,116377
100,2012,837,"1,007","1,183","1,411","1,108",CD,Closed,40 DOVERCOURT RD,   ,125853
101,2012,837,"1,007","1,183","1,411","1,108",CD,Closed,4572 KINGSTON RD,M1E,121810
102,2012,837,"1,007","1,183","1,411","1,108",CD,Closed,4576 KINGSTON RD,M1E,121806
103,2012,837,"1,007","1,183","1,411","1,108",CD,Closed,1183 QUEEN ST,M4M,158824
104,2012,837,"1,007","1,183","1,411","1,108",CD,Closed,2 EVA RD,M9C,170648
105,2012,837,"1,007","1,183","1,411","1,108",CD,Application Received,783 BATHURST ST,M5S,129872
106,2012,837,"1,007","1,183","1,411","1,108",CD,Closed,783 BATHURST ST,M5S,129873
107,2012,837,"1,007","1,183","1,411","1,108",CD,Draft Plan Approved,175 MADISON AVE,M5R,170584
108,2012,837,"1,007","1,183","1,411","1,108",CD,Closed,69 LEBOVIC AVE,   ,159297
109,2012,837,"1,007","1,183","1,411","1,108",CD,Closed,999 DUNDAS ST,M4M,173479
110,2012,837,"1,007","1,183","1,411","1,108",CD,Closed,701 SHEPPARD AVE,M3H,143952
111,2012,837,"1,007","1,183","1,411","1,108",CD,Closed,635 KING ST,   ,166032
112,2012,837,"1,007","1,183","1,411","1,108",CD,Closed,3563 LAKE SHORE BLVD,M8W,165426
113,2012,837,"1,007","1,183","1,411","1,108",CD,Closed,6 EVA RD,M9C,163614
114,2012,837,"1,007","1,183","1,411","1,108",CD,Closed,2 EVA RD,M9C,163612
115,2012,837,"1,007","1,183","1,411","1,108",CD,Draft Plan Approved,1 VALHALLA INN RD,M9B,163128
116,2012,837,"1,007","1,183","1,411","1,108",CD,Closed,1 VALHALLA INN RD,M9B,162878
117,2012,837,"1,007","1,183","1,411","1,108",CD,Closed,8 GLADSTONE AVE,M6J,124727
118,2012,837,"1,007","1,183","1,411","1,108",CD,Draft Plan Approved,126 A SPADINA RD,M5R,127200
119,2012,837,"1,007","1,183","1,411","1,108",CD,Closed,2474 BLOOR ST,   ,123355
120,2012,837,"1,007","1,183","1,411","1,108",CD,Closed,135 FINCH AVE,M2N,173917
121,2012,837,"1,007","1,183","1,411","1,108",CD,Closed,130 EAST LIBERTY ST,   ,124304
122,2012,837,"1,007","1,183","1,411","1,108",CD,Draft Plan Approved,120 HARRISON GARDEN BLVD,   ,116062
123,2012,837,"1,007","1,183","1,411","1,108",CD,Refused,1477 BAYVIEW AVE,M4G,143005
124,2012,837,"1,007","1,183","1,411","1,108",CD,Closed,170 FORT YORK BLVD,   ,170424
125,2012,837,"1,007","1,183","1,411","1,108",CD,Closed,35 SARANAC BLVD,   ,160472
126,2012,837,"1,007","1,183","1,411","1,108",CD,Closed,352 FRONT ST,   ,129008
127,2012,837,"1,007","1,183","1,411","1,108",CD,Closed,3567 LAKE SHORE BLVD,M8W,173038
128,2012,837,"1,007","1,183","1,411","1,108",CD,Closed,384 YONGE ST,   ,116113
129,2012,837,"1,007","1,183","1,411","1,108",CD,Closed,37 KING ST,M5C,173571
130,2012,837,"1,007","1,183","1,411","1,108",CD,Closed,4691 KINGSTON RD,M1E,121421
131,2012,837,"1,007","1,183","1,411","1,108",CD,Closed,758 SHEPPARD AVE,M3H,164693
132,2012,837,"1,007","1,183","1,411","1,108",CD,Closed,16 FOUNDRY AVE,   ,155616
133,2012,837,"1,007","1,183","1,411","1,108",CD,Closed,508 WELLINGTON ST,M5V,127949
134,2012,837,"1,007","1,183","1,411","1,108",CD,Closed,90 CALEDONIA PARK RD,M6H,125921
135,2012,837,"1,007","1,183","1,411","1,108",CD,Closed,5740 YONGE ST,M2M,150107
136,2012,837,"1,007","1,183","1,411","1,108",CD,Closed,133 FINCH AVE,M2N,151478
137,2012,837,"1,007","1,183","1,411","1,108",CD,Closed,760 SHEPPARD AVE,M3H,146095
138,2012,837,"1,007","1,183","1,411","1,108",CD,Closed,20 JOE SHUSTER WAY,   ,117913
139,2012,837,"1,007","1,183","1,411","1,108",CD,Closed,999 DUNDAS ST,M4M,130671
140,2012,837,"1,007","1,183","1,411","1,108",CD,Closed,530 ST CLAIR AVE,M6C,172256
141,2012,837,"1,007","1,183","1,411","1,108",CD,Closed,22 LEADER LANE,M5C,156503
142,2012,837,"1,007","1,183","1,411","1,108",CD,Closed,382 YONGE ST,   ,117283
143,2012,837,"1,007","1,183","1,411","1,108",CD,Closed,139 FINCH AVE,M2N,150277
144,2012,837,"1,007","1,183","1,411","1,108",CD,Draft Plan Approved,4759-4789 YONGE ST,M2N,171899
145,2012,837,"1,007","1,183","1,411","1,108",CD,Closed,10 X FAIRWOOD CRES,   ,171910
146,2012,837,"1,007","1,183","1,411","1,108",CD,Closed,751 KING ST,M5V,125192
147,2012,837,"1,007","1,183","1,411","1,108",CD,Closed,141 FINCH AVE,M2N,150281
148,2012,837,"1,007","1,183","1,411","1,108",CD,Closed,137 FINCH AVE,M2N,151482
149,2012,837,"1,007","1,183","1,411","1,108",CD,Closed,35 BRIAN PECK CRES,   ,117745
150,2012,837,"1,007","1,183","1,411","1,108",CD,Closed,743 ST CLAIR AVE,M6C,126908
151,2012,837,"1,007","1,183","1,411","1,108",CD,Closed,1638 BLOOR ST,M6P,172153
152,2012,837,"1,007","1,183","1,411","1,108",CD,Closed,980 LANSDOWNE AVE,M6H,116508
153,2012,837,"1,007","1,183","1,411","1,108",CD,Closed,24 BATHURST ST,M5V,171163
154,2012,837,"1,007","1,183","1,411","1,108",CD,Closed,1051 ELLESMERE RD,M1P,120584
155,2012,837,"1,007","1,183","1,411","1,108",CD,Closed,764 SHEPPARD AVE,M3H,146098
156,2012,837,"1,007","1,183","1,411","1,108",CD,Closed,724 SHEPPARD AVE,M3H,146685
157,2012,837,"1,007","1,183","1,411","1,108",CD,Closed,150 BROADVIEW AVE,M4M,132383
158,2012,837,"1,007","1,183","1,411","1,108",CD,Closed,22 LEADER LANE,   ,155451
159,2012,837,"1,007","1,183","1,411","1,108",CD,Closed,760 SHEPPARD AVE,M3H,155583
160,2012,837,"1,007","1,183","1,411","1,108",CD,Closed,758 SHEPPARD AVE,M3H,164646
161,2012,837,"1,007","1,183","1,411","1,108",CD,Closed,32 CAMDEN ST,M5V,129977
162,2012,837,"1,007","1,183","1,411","1,108",CD,Closed,85 NANTUCKET BLVD,M1P,119673
163,2012,837,"1,007","1,183","1,411","1,108",CD,Closed,06-Feb EVA RD,M9C,156754
164,2012,837,"1,007","1,183","1,411","1,108",CD,Closed,06-Feb EVA RD,M9C,156753
165,2012,837,"1,007","1,183","1,411","1,108",CD,Closed,2230 LAKE SHORE BLVD,M8V,165448
166,2012,837,"1,007","1,183","1,411","1,108",CD,Closed,1246 AVENUE RD,M5N,171671
167,2012,837,"1,007","1,183","1,411","1,108",CD,Closed,1415 KENNEDY RD,M1P,118636
168,2012,837,"1,007","1,183","1,411","1,108",CD,Closed,131 FINCH AVE,M2N,151195
169,2013,873,"1,032","1,211","1,461","1,138",CD,Closed,1815 YONGE ST,M4T,136485
170,2013,873,"1,032","1,211","1,461","1,138",CD,Closed,70 BOULTON AVE,M4M,164409
171,2013,873,"1,032","1,211","1,461","1,138",CD,Closed,295 ADELAIDE ST,M5V,128879
172,2013,873,"1,032","1,211","1,461","1,138",CD,Closed,299 ADELAIDE ST,M5V,128875
173,2013,873,"1,032","1,211","1,461","1,138",CD,Closed,85 THE DONWAY  ,   ,165184
174,2013,873,"1,032","1,211","1,461","1,138",CD,Closed,707 DOVERCOURT RD,M6H,127634
175,2013,873,"1,032","1,211","1,461","1,138",CD,Closed,709 DOVERCOURT RD,M6H,127637
176,2013,873,"1,032","1,211","1,461","1,138",CD,Closed,2000 QUEEN ST,   ,164272
177,2013,873,"1,032","1,211","1,461","1,138",CD,Closed,560 KING ST,M5V,127929
178,2013,873,"1,032","1,211","1,461","1,138",CD,Closed,60 JOHN ST,M9N,128630
179,2013,873,"1,032","1,211","1,461","1,138",CD,Draft Plan Approved,1390 DON MILLS RD,   ,164453
180,2013,873,"1,032","1,211","1,461","1,138",CD,Closed,11 CHARLOTTE ST,M5V,128741
181,2013,873,"1,032","1,211","1,461","1,138",CD,Closed,299 ADELAIDE ST,M5V,156589
182,2013,873,"1,032","1,211","1,461","1,138",CD,Closed,210 SIMCOE ST,   ,129191
183,2013,873,"1,032","1,211","1,461","1,138",CD,Closed,30 IRONSIDE CRES,   ,155420
184,2013,873,"1,032","1,211","1,461","1,138",CD,Closed,7:00 AM AUSTIN TER,M5R,155373
185,2013,873,"1,032","1,211","1,461","1,138",CD,Closed,7 C AUSTIN TER,M5R,155370
186,2013,873,"1,032","1,211","1,461","1,138",CD,Draft Plan Approved,18 REAN DR,M2K,155330
187,2013,873,"1,032","1,211","1,461","1,138",CD,Closed,7 B AUSTIN TER,M5R,155292
188,2013,873,"1,032","1,211","1,461","1,138",CD,Closed,100 PARKWAY FOREST DR,M2J,152921
189,2013,873,"1,032","1,211","1,461","1,138",CD,Draft Plan Approved,100 PARKWAY FOREST DR,M2J,152727
190,2013,873,"1,032","1,211","1,461","1,138",CD,Closed,393 SPRING GARDEN AVE,M2N,149336
191,2013,873,"1,032","1,211","1,461","1,138",CD,Draft Plan Approved,2500 BAYVIEW AVE,M2L,149146
192,2013,873,"1,032","1,211","1,461","1,138",CD,Closed,591 DUNDAS ST,M5T,132205
193,2013,873,"1,032","1,211","1,461","1,138",CD,Closed,66 KIPPENDAVIE AVE,M4L,133418
194,2013,873,"1,032","1,211","1,461","1,138",CD,Closed,545 WILSON AVE,M3H,144183
195,2013,873,"1,032","1,211","1,461","1,138",CD,Closed,19 KIPPENDAVIE AVE,M4L,134213
196,2013,873,"1,032","1,211","1,461","1,138",CD,Closed,323 KINGSTON RD,M4L,134389
197,2013,873,"1,032","1,211","1,461","1,138",CD,Closed,4 BELLEFAIR AVE,M4L,134694
198,2013,873,"1,032","1,211","1,461","1,138",CD,Closed,1994-2000 YONGE ST,M4S,138807
199,2013,873,"1,032","1,211","1,461","1,138",CD,Closed,439 DUPLEX AVE,M4R,138723
200,2013,873,"1,032","1,211","1,461","1,138",CD,Closed,2008 YONGE ST,M4S,137151
201,2013,873,"1,032","1,211","1,461","1,138",CD,Closed,17 GLEBE RD,M5P,137147
202,2013,873,"1,032","1,211","1,461","1,138",CD,Closed,2015 SHEPPARD AVE,   ,155437
203,2013,873,"1,032","1,211","1,461","1,138",CD,Draft Plan Approved,38 GRAND MAGAZINE ST,   ,163873
204,2013,873,"1,032","1,211","1,461","1,138",CD,Closed,21 WIDMER ST,M5V,155602
205,2013,873,"1,032","1,211","1,461","1,138",CD,Closed,50 ST JOSEPH ST,   ,130734
206,2013,873,"1,032","1,211","1,461","1,138",CD,Closed,31 WIDMER ST,M5V,160899
207,2013,873,"1,032","1,211","1,461","1,138",CD,Closed,120-130 GEORGE HENRY BLVD,M2J,160413
208,2013,873,"1,032","1,211","1,461","1,138",CD,Draft Plan Approved,120-130 GEORGE HENRY BLVD,M2J,160412
209,2013,873,"1,032","1,211","1,461","1,138",CD,Closed,1 LYNDHURST CRT,M5R,160078
210,2013,873,"1,032","1,211","1,461","1,138",CD,Closed,170 MARKHAM ST,M6J,129506
211,2013,873,"1,032","1,211","1,461","1,138",CD,Closed,17 KIPPENDAVIE AVE,M4L,159786
212,2013,873,"1,032","1,211","1,461","1,138",CD,Closed,3 STADACONA DR,M6A,159039
213,2013,873,"1,032","1,211","1,461","1,138",CD,Draft Plan Approved,284 SHERBOURNE ST,M5A,129712
214,2013,873,"1,032","1,211","1,461","1,138",CD,Closed,25 MERTON ST,M4S,158923
215,2013,873,"1,032","1,211","1,461","1,138",CD,Closed,21 WIDMER ST,   ,129812
216,2013,873,"1,032","1,211","1,461","1,138",CD,Closed,31 WIDMER ST,   ,129815
217,2013,873,"1,032","1,211","1,461","1,138",CD,Closed,328 ADELAIDE ST,M5V,130192
218,2013,873,"1,032","1,211","1,461","1,138",CD,Closed,328 ADELAIDE ST,M5V,130193
219,2013,873,"1,032","1,211","1,461","1,138",CD,Closed,70 BOULTON AVE,M4M,156439
220,2013,873,"1,032","1,211","1,461","1,138",CD,Closed,222 SPADINA AVE,M5T,130288
221,2013,873,"1,032","1,211","1,461","1,138",CD,Closed,390 CHERRY ST,M5A,156395
222,2013,873,"1,032","1,211","1,461","1,138",CD,Closed,3640 ST CLAIR AVE,   ,156190
223,2013,873,"1,032","1,211","1,461","1,138",CD,Closed,3706 BATHURST ST,   ,155887
224,2013,873,"1,032","1,211","1,461","1,138",CD,Closed,2008 YONGE ST,M4S,155609
225,2013,873,"1,032","1,211","1,461","1,138",CD,Closed,55 HOWIE AVE,M4M,130749
226,2013,873,"1,032","1,211","1,461","1,138",CD,Closed,23 GLEBE RD,   ,165767
227,2013,873,"1,032","1,211","1,461","1,138",CD,Closed,2316 GERRARD ST,M4E,136456
228,2013,873,"1,032","1,211","1,461","1,138",CD,Closed,41 SHAFTESBURY AVE,   ,117561
229,2013,873,"1,032","1,211","1,461","1,138",CD,Draft Plan Approved,6039 KINGSTON RD,M1C,122016
230,2013,873,"1,032","1,211","1,461","1,138",CD,Closed,43 SHAFTESBURY AVE,   ,117473
231,2013,873,"1,032","1,211","1,461","1,138",CD,Closed,66 FOREST MANOR RD,   ,117433
232,2013,873,"1,032","1,211","1,461","1,138",CD,Draft Plan Approved,2756 OLD LESLIE ST,   ,170607
233,2013,873,"1,032","1,211","1,461","1,138",CD,Draft Plan Approved,70 FOREST MANOR RD,   ,117424
234,2013,873,"1,032","1,211","1,461","1,138",CD,Closed,16 CHARLESWORTH LANE,   ,117397
235,2013,873,"1,032","1,211","1,461","1,138",CD,Closed,12 CHARLESWORTH LANE,   ,117396
236,2013,873,"1,032","1,211","1,461","1,138",CD,Closed,14 CHARLESWORTH LANE,   ,117395
237,2013,873,"1,032","1,211","1,461","1,138",CD,Closed,45 SHAFTESBURY AVE,   ,117474
238,2013,873,"1,032","1,211","1,461","1,138",CD,Closed,8 CHARLESWORTH LANE,   ,117394
239,2013,873,"1,032","1,211","1,461","1,138",CD,Closed,6 CHARLESWORTH LANE,   ,117392
240,2013,873,"1,032","1,211","1,461","1,138",CD,Closed,426 UNIVERSITY AVE,M5G,117358
241,2013,873,"1,032","1,211","1,461","1,138",CD,Closed,2200 LAKE SHORE BLVD,M8V,172316
242,2013,873,"1,032","1,211","1,461","1,138",CD,Closed,382 YONGE ST,   ,117284
243,2013,873,"1,032","1,211","1,461","1,138",CD,Closed,2200 LAKE SHORE BLVD,M8V,172317
244,2013,873,"1,032","1,211","1,461","1,138",CD,Closed,17 KIPPENDAVIE AVE,M4L,173132
245,2013,873,"1,032","1,211","1,461","1,138",CD,Closed,185 BONIS AVE,   ,116199
246,2013,873,"1,032","1,211","1,461","1,138",CD,Draft Plan Approved,60 GRAND MAGAZINE ST,   ,167399
247,2013,873,"1,032","1,211","1,461","1,138",CD,Closed,4 CHARLESWORTH LANE,   ,117393
248,2013,873,"1,032","1,211","1,461","1,138",CD,Final Approval Completed,121 MCMAHON DR,   ,116078
249,2013,873,"1,032","1,211","1,461","1,138",CD,Closed,568 JARVIS ST,M4Y,170854
250,2013,873,"1,032","1,211","1,461","1,138",CD,Closed,49 SHAFTESBURY AVE,   ,117476
251,2013,873,"1,032","1,211","1,461","1,138",CD,Draft Plan Approved,38 GRAND MAGAZINE ST,   ,117698
252,2013,873,"1,032","1,211","1,461","1,138",CD,Closed,39 SHAFTESBURY AVE,   ,117560
253,2013,873,"1,032","1,211","1,461","1,138",CD,Closed,37 SHAFTESBURY AVE,   ,117559
254,2013,873,"1,032","1,211","1,461","1,138",CD,Closed,180 SHAW ST,M6J,171779
255,2013,873,"1,032","1,211","1,461","1,138",CD,Closed,8 FIELDWAY RD,   ,171648
256,2013,873,"1,032","1,211","1,461","1,138",CD,Closed,35 SHAFTESBURY AVE,   ,117558
257,2013,873,"1,032","1,211","1,461","1,138",CD,Closed,75 IANNUZZI ST,   ,171497
258,2013,873,"1,032","1,211","1,461","1,138",CD,Closed,10 CHARLESWORTH LANE,   ,117487
259,2013,873,"1,032","1,211","1,461","1,138",CD,Closed,47 SHAFTESBURY AVE,   ,117475
260,2013,873,"1,032","1,211","1,461","1,138",CD,Closed,18 CHARLESWORTH LANE,   ,117486
261,2013,873,"1,032","1,211","1,461","1,138",CD,Closed,33 SHAFTESBURY AVE,   ,117484
262,2013,873,"1,032","1,211","1,461","1,138",CD,Closed,31 SHAFTESBURY AVE,   ,117483
263,2013,873,"1,032","1,211","1,461","1,138",CD,Closed,29 SHAFTESBURY AVE,   ,117482
264,2013,873,"1,032","1,211","1,461","1,138",CD,Closed,27 SHAFTESBURY AVE,   ,117481
265,2013,873,"1,032","1,211","1,461","1,138",CD,Closed,25 SHAFTESBURY AVE,   ,117480
266,2013,873,"1,032","1,211","1,461","1,138",CD,Closed,23 SHAFTESBURY AVE,   ,117479
267,2013,873,"1,032","1,211","1,461","1,138",CD,Closed,53 SHAFTESBURY AVE,   ,117478
268,2013,873,"1,032","1,211","1,461","1,138",CD,Closed,51 SHAFTESBURY AVE,   ,117477
269,2013,873,"1,032","1,211","1,461","1,138",CD,Closed,2 CHARLESWORTH LANE,   ,117485
270,2013,873,"1,032","1,211","1,461","1,138",CD,Closed,41 OSSINGTON AVE,M6J,116071
271,2013,873,"1,032","1,211","1,461","1,138",CD,Closed,75 ST NICHOLAS ST,M4Y,172766
272,2013,873,"1,032","1,211","1,461","1,138",CD,Closed,2015 SHEPPARD AVE,   ,166462
273,2013,873,"1,032","1,211","1,461","1,138",CD,Closed,7 AUSTIN TER,M5R,126203
274,2013,873,"1,032","1,211","1,461","1,138",CD,Closed,1 C LYNDHURST CRT,M5R,166340
275,2013,873,"1,032","1,211","1,461","1,138",CD,Closed,1 B LYNDHURST CRT,M5R,166337
276,2013,873,"1,032","1,211","1,461","1,138",CD,Closed,711 DOVERCOURT RD,M6H,126504
277,2013,873,"1,032","1,211","1,461","1,138",CD,Closed,68 MARINE PARADE DR,M8V,167219
278,2013,873,"1,032","1,211","1,461","1,138",CD,Closed,715 DOVERCOURT RD,M6H,126507
279,2013,873,"1,032","1,211","1,461","1,138",CD,Closed,717 DOVERCOURT RD,M6H,126509
280,2013,873,"1,032","1,211","1,461","1,138",CD,Closed,76 KIPPENDAVIE AVE,M4L,173888
281,2013,873,"1,032","1,211","1,461","1,138",CD,Closed,1144 ISLINGTON AVE,M8Z,173535
282,2013,873,"1,032","1,211","1,461","1,138",CD,Closed,540 COLLEGE ST,M6G,127037
283,2013,873,"1,032","1,211","1,461","1,138",CD,Closed,120 TWENTY FOURTH ST,M8V,174160
284,2013,873,"1,032","1,211","1,461","1,138",CD,Closed,21 SHAFTESBURY AVE,M4T,166389
285,2013,873,"1,032","1,211","1,461","1,138",CD,Closed,2 OLD MILL DR,M6S,165914
286,2013,873,"1,032","1,211","1,461","1,138",CD,Closed,1:00 AM LYNDHURST CRT,M5R,166145
287,2013,873,"1,032","1,211","1,461","1,138",CD,Closed,2500 BLOOR ST,M6S,166076
288,2014,896,"1,067","1,251","1,466","1,170",CD,Closed,88 SHEPPARD AVE,   ,174112
289,2014,896,"1,067","1,251","1,466","1,170",CD,Draft Plan Approved,11 BRUNEL CRT,   ,172172
290,2014,896,"1,067","1,251","1,466","1,170",CD,Closed,62 FOREST MANOR RD,   ,117429
291,2014,896,"1,067","1,251","1,466","1,170",CD,Draft Plan Approved,1181 SHEPPARD AVE,M2K,151812
292,2014,896,"1,067","1,251","1,466","1,170",CD,Draft Plan Approved,422 BREMNER BLVD,   ,117741
293,2014,896,"1,067","1,251","1,466","1,170",CD,Closed,2737 KEELE ST,M3M,171968
294,2014,896,"1,067","1,251","1,466","1,170",CD,Draft Plan Approved,1733-1735 BATHURST ST,M5P,136719
295,2014,896,"1,067","1,251","1,466","1,170",CD,Closed,100 PARKWAY FOREST DR,M2J,152923
296,2014,896,"1,067","1,251","1,466","1,170",CD,Under Review ,320 TWEEDSMUIR AVE,M5P,153923
297,2014,896,"1,067","1,251","1,466","1,170",CD,Closed,193 DUPLEX AVE,M5P,137051
298,2014,896,"1,067","1,251","1,466","1,170",CD,Under Review ,310 TWEEDSMUIR AVE,M5P,154010
299,2014,896,"1,067","1,251","1,466","1,170",CD,Closed,85 QUEENS WHARF RD,   ,155759
300,2014,896,"1,067","1,251","1,466","1,170",CD,Closed,207 DUPLEX AVE,M5P,139026
301,2014,896,"1,067","1,251","1,466","1,170",CD,Under Review ,85 QUEENS WHARF RD,   ,155758
302,2014,896,"1,067","1,251","1,466","1,170",CD,Draft Plan Approved,844 RICHMOND ST,M6J,174035
303,2014,896,"1,067","1,251","1,466","1,170",CD,Closed,205 DUPLEX AVE,M5P,138803
304,2014,896,"1,067","1,251","1,466","1,170",CD,Closed,203 DUPLEX AVE,M5P,138800
305,2014,896,"1,067","1,251","1,466","1,170",CD,Closed,201 DUPLEX AVE,M5P,138797
306,2014,896,"1,067","1,251","1,466","1,170",CD,Closed,199 DUPLEX AVE,M5P,138794
307,2014,896,"1,067","1,251","1,466","1,170",CD,Closed,14 YORK ST,   ,155461
308,2014,896,"1,067","1,251","1,466","1,170",CD,Closed,195 DUPLEX AVE,M5P,138788
309,2014,896,"1,067","1,251","1,466","1,170",CD,Closed,2200 LAKE SHORE BLVD,M8V,115836
310,2014,896,"1,067","1,251","1,466","1,170",CD,Closed,1046 AVENUE RD,   ,138550
311,2014,896,"1,067","1,251","1,466","1,170",CD,Closed,75 QUEENS WHARF RD,   ,155754
312,2014,896,"1,067","1,251","1,466","1,170",CD,Closed,290 ST CLAIR AVE,M4V,137898
313,2014,896,"1,067","1,251","1,466","1,170",CD,Closed,288 ST CLAIR AVE,M4V,137624
314,2014,896,"1,067","1,251","1,466","1,170",CD,Closed,151 ROBERT ST,M5S,130533
315,2014,896,"1,067","1,251","1,466","1,170",CD,Closed,197 DUPLEX AVE,M5P,138791
316,2014,896,"1,067","1,251","1,466","1,170",CD,Closed,877 WILSON AVE,M3K,142070
317,2014,896,"1,067","1,251","1,466","1,170",CD,Closed,211 DUPLEX AVE,M5P,139109
318,2014,896,"1,067","1,251","1,466","1,170",CD,Closed,280 DONLANDS AVE,M4J,174222
319,2014,896,"1,067","1,251","1,466","1,170",CD,Closed,4750 YONGE ST,M2N,146902
320,2014,896,"1,067","1,251","1,466","1,170",CD,Closed,42 CURZON ST,M4M,133005
321,2014,896,"1,067","1,251","1,466","1,170",CD,Final Approval Completed,892 THE QUEENSWAY  ,M8Z,172948
322,2014,896,"1,067","1,251","1,466","1,170",CD,Closed,2828 BATHURST ST,M6B,145673
323,2014,896,"1,067","1,251","1,466","1,170",CD,Closed,68 BERWICK AVE,M5P,139457
324,2014,896,"1,067","1,251","1,466","1,170",CD,Draft Plan Approved,19 CUNNINGHAM AVE,M6K,173263
325,2014,896,"1,067","1,251","1,466","1,170",CD,Closed,800 LAWRENCE AVE,   ,116220
326,2014,896,"1,067","1,251","1,466","1,170",CD,Closed,12 YORK ST,   ,173272
327,2014,896,"1,067","1,251","1,466","1,170",CD,Closed,89 DUNFIELD AVE,   ,116201
328,2014,896,"1,067","1,251","1,466","1,170",CD,Closed,70 BERWICK AVE,M5P,139460
329,2014,896,"1,067","1,251","1,466","1,170",CD,Closed,2055 DANFORTH AVE,M4C,134421
330,2014,896,"1,067","1,251","1,466","1,170",CD,Closed,2057 DANFORTH AVE,M4C,134424
331,2014,896,"1,067","1,251","1,466","1,170",CD,Closed,32 DAVENPORT RD,M5R,173380
332,2014,896,"1,067","1,251","1,466","1,170",CD,Closed,72 BERWICK AVE,M5P,139463
333,2014,896,"1,067","1,251","1,466","1,170",CD,Closed,74 BERWICK AVE,M5P,139466
334,2014,896,"1,067","1,251","1,466","1,170",CD,Closed,580 KINGSTON RD,M4E,134732
335,2014,896,"1,067","1,251","1,466","1,170",CD,Draft Plan Approved,2:00 AM SPADINA AVE,M5V,116526
336,2014,896,"1,067","1,251","1,466","1,170",CD,Closed,209 DUPLEX AVE,M5P,139106
337,2014,896,"1,067","1,251","1,466","1,170",CD,Closed,591 DUNDAS ST,M5T,132207
338,2014,896,"1,067","1,251","1,466","1,170",CD,Closed,345 CARLAW AVE,M4M,131982
339,2014,896,"1,067","1,251","1,466","1,170",CD,Closed,75 THE DONWAY  ,M3C,151337
340,2014,896,"1,067","1,251","1,466","1,170",CD,Application Received,75 THE DONWAY  ,M3C,151336
341,2014,896,"1,067","1,251","1,466","1,170",CD,Closed,54 BERWICK AVE,M5P,139148
342,2014,896,"1,067","1,251","1,466","1,170",CD,Closed,56 BERWICK AVE,M5P,139151
343,2014,896,"1,067","1,251","1,466","1,170",CD,Closed,58 BERWICK AVE,M5P,139154
344,2014,896,"1,067","1,251","1,466","1,170",CD,Closed,30 HOWARD PARK AVE,M6R,172285
345,2014,896,"1,067","1,251","1,466","1,170",CD,Closed,5 ST JOSEPH ST,M4Y,131383
346,2014,896,"1,067","1,251","1,466","1,170",CD,Draft Plan Approved,8 TELEGRAM MEWS,   ,117298
347,2014,896,"1,067","1,251","1,466","1,170",CD,Closed,62 BERWICK AVE,M5P,139157
348,2014,896,"1,067","1,251","1,466","1,170",CD,Closed,12 YORK ST,   ,117271
349,2014,896,"1,067","1,251","1,466","1,170",CD,Closed,66 BERWICK AVE,M5P,139236
350,2014,896,"1,067","1,251","1,466","1,170",CD,Closed,2010 ELLESMERE RD,M1H,172341
351,2014,896,"1,067","1,251","1,466","1,170",CD,Closed,105 GEORGE ST,M5A,116861
352,2014,896,"1,067","1,251","1,466","1,170",CD,Application Received,105 GEORGE ST,M5A,116860
353,2014,896,"1,067","1,251","1,466","1,170",CD,Closed,11 BOGERT AVE,   ,147885
354,2014,896,"1,067","1,251","1,466","1,170",CD,Application Received,105 GEORGE ST,M5A,116859
355,2014,896,"1,067","1,251","1,466","1,170",CD,Draft Plan Approved,26 FORT YORK BLVD,   ,116837
356,2014,896,"1,067","1,251","1,466","1,170",CD,Closed,511 BREMNER BLVD,   ,117795
357,2014,896,"1,067","1,251","1,466","1,170",CD,Closed,9 BOGERT AVE,   ,156435
358,2014,896,"1,067","1,251","1,466","1,170",CD,Closed,70 TEMPERANCE ST,   ,165869
359,2014,896,"1,067","1,251","1,466","1,170",CD,Closed,11 SUPERIOR AVE,M8V,156443
360,2014,896,"1,067","1,251","1,466","1,170",CD,Closed,110 PALMERSTON AVE,M6J,125376
361,2014,896,"1,067","1,251","1,466","1,170",CD,Draft Plan Approved,275 YORKLAND RD,   ,167647
362,2014,896,"1,067","1,251","1,466","1,170",CD,Draft Plan Approved,18 CONCORDE PL,M3C,163787
363,2014,896,"1,067","1,251","1,466","1,170",CD,Closed,180 SUDBURY ST,M6J,167696
364,2014,896,"1,067","1,251","1,466","1,170",CD,Draft Plan Approved,4 H SPADINA AVE,   ,167807
365,2014,896,"1,067","1,251","1,466","1,170",CD,Closed,760 THE QUEENSWAY  ,M8Z,169948
366,2014,896,"1,067","1,251","1,466","1,170",CD,Closed,354 HARBORD ST,M6G,124749
367,2014,896,"1,067","1,251","1,466","1,170",CD,Draft Plan Approved,5 BRUNEL CRT,   ,170034
368,2014,896,"1,067","1,251","1,466","1,170",CD,Closed,3879 BLOOR ST,M9B,162479
369,2014,896,"1,067","1,251","1,466","1,170",CD,Closed,21 AVENUE RD,M5R,161191
370,2014,896,"1,067","1,251","1,466","1,170",CD,Draft Plan Approved,22 FORT YORK BLVD,   ,170303
371,2014,896,"1,067","1,251","1,466","1,170",CD,Closed,511 BREMNER BLVD,   ,117796
372,2014,896,"1,067","1,251","1,466","1,170",CD,Closed,66 HOWARD PARK AVE,M6R,124208
373,2014,896,"1,067","1,251","1,466","1,170",CD,Closed,349 CARLAW AVE,M4M,160500
374,2014,896,"1,067","1,251","1,466","1,170",CD,Closed,120-130 GEORGE HENRY BLVD,M2J,160414
375,2014,896,"1,067","1,251","1,466","1,170",CD,Closed,60 HOWARD PARK AVE,M6R,124116
376,2014,896,"1,067","1,251","1,466","1,170",CD,Closed,117 PETER ST,M5V,129443
377,2014,896,"1,067","1,251","1,466","1,170",CD,Closed,117 PETER ST,M5V,129444
378,2014,896,"1,067","1,251","1,466","1,170",CD,Closed,940 LANSDOWNE AVE,M6H,160223
379,2014,896,"1,067","1,251","1,466","1,170",CD,Draft Plan Approved,1001-1019 SHEPPARD AVE,M2K,160158
380,2014,896,"1,067","1,251","1,466","1,170",CD,Closed,30 A HOWARD PARK AVE,M6R,124113
381,2014,896,"1,067","1,251","1,466","1,170",CD,Closed,1205 QUEEN ST,M6K,124089
382,2014,896,"1,067","1,251","1,466","1,170",CD,Draft Plan Approved,4 G SPADINA AVE,   ,159881
383,2014,896,"1,067","1,251","1,466","1,170",CD,Draft Plan Approved,18 FORT YORK BLVD,M5V,163885
384,2014,896,"1,067","1,251","1,466","1,170",CD,Closed,24 HOWARD PARK AVE,M6R,123884
385,2014,896,"1,067","1,251","1,466","1,170",CD,Draft Plan Approved,842 RICHMOND ST,M6J,125483
386,2014,896,"1,067","1,251","1,466","1,170",CD,Draft Plan Approved,224 KING ST,   ,128900
387,2014,896,"1,067","1,251","1,466","1,170",CD,Closed,475 ROGERS RD,M6M,165706
388,2014,896,"1,067","1,251","1,466","1,170",CD,Draft Plan Approved,7 BRUNEL CRT,   ,166052
389,2014,896,"1,067","1,251","1,466","1,170",CD,Closed,2157 LAKE SHORE BLVD,M8V,166196
390,2014,896,"1,067","1,251","1,466","1,170",CD,Closed,32 DAVENPORT RD,M5R,166236
391,2014,896,"1,067","1,251","1,466","1,170",CD,Draft Plan Approved,450 LAKE SHORE BLVD,   ,127762
392,2014,896,"1,067","1,251","1,466","1,170",CD,Draft Plan Approved,4:00 AM SPADINA AVE,   ,127765
393,2014,896,"1,067","1,251","1,466","1,170",CD,Closed,68 CANTERBURY PL,   ,165182
394,2014,896,"1,067","1,251","1,466","1,170",CD,Draft Plan Approved,25 GIVINS ST,M6J,126965
395,2014,896,"1,067","1,251","1,466","1,170",CD,Draft Plan Approved,23 GIVINS ST,M6J,126963
396,2014,896,"1,067","1,251","1,466","1,170",CD,Draft Plan Approved,31 BRUNEL CRT,   ,165091
397,2014,896,"1,067","1,251","1,466","1,170",CD,Closed,635 KING ST,   ,166304
398,2014,896,"1,067","1,251","1,466","1,170",CD,Draft Plan Approved,9 BRUNEL CRT,   ,165090
399,2014,896,"1,067","1,251","1,466","1,170",CD,Draft Plan Approved,27 BRUNEL CRT,   ,164997
400,2014,896,"1,067","1,251","1,466","1,170",CD,Draft Plan Approved,15 FORT YORK BLVD,   ,164925
401,2014,896,"1,067","1,251","1,466","1,170",CD,Closed,131 HAZELTON AVE,M5R,128500
402,2014,896,"1,067","1,251","1,466","1,170",CD,Closed,191 DUPLEX AVE,M5P,164588
403,2014,896,"1,067","1,251","1,466","1,170",CD,Closed,1030 KING ST,M6K,125744
404,2014,896,"1,067","1,251","1,466","1,170",CD,Draft Plan Approved,850 RICHMOND ST,M6J,125733
405,2014,896,"1,067","1,251","1,466","1,170",CD,Closed,940 LANSDOWNE AVE,M6H,164125
406,2014,896,"1,067","1,251","1,466","1,170",CD,Closed,2 LISGAR ST,M6J,125512
407,2014,896,"1,067","1,251","1,466","1,170",CD,Closed,388 YONGE ST,   ,163894
408,2014,896,"1,067","1,251","1,466","1,170",CD,Closed,48 ABELL ST,M6J,125509
409,2014,896,"1,067","1,251","1,466","1,170",CD,Draft Plan Approved,846 RICHMOND ST,M6J,125486
410,2014,896,"1,067","1,251","1,466","1,170",CD,Closed,111 ST CLAIR AVE,M4V,163891
411,2014,896,"1,067","1,251","1,466","1,170",CD,Closed,170 AVENUE RD,   ,159657
412,2014,896,"1,067","1,251","1,466","1,170",CD,Closed,303 KINGSTON RD,M4L,174251
413,2014,896,"1,067","1,251","1,466","1,170",CD,Closed,243 PERTH AVE,M6P,123665
414,2014,896,"1,067","1,251","1,466","1,170",CD,Closed,2150 LAWRENCE AVE,M1R,156502
415,2014,896,"1,067","1,251","1,466","1,170",CD,Closed,55 ANTIBES DR,   ,117883
416,2014,896,"1,067","1,251","1,466","1,170",CD,Closed,16 YORK ST,M5J,171662
417,2014,896,"1,067","1,251","1,466","1,170",CD,Closed,98 LILLIAN ST,   ,171576
418,2014,896,"1,067","1,251","1,466","1,170",CD,Closed,2392-2398 LAKE SHORE BLVD,M8V,156937
419,2014,896,"1,067","1,251","1,466","1,170",CD,Closed,2020 ELLESMERE RD,M1H,119780
420,2014,896,"1,067","1,251","1,466","1,170",CD,Draft Plan Approved,14 FORT YORK BLVD,   ,171055
421,2014,896,"1,067","1,251","1,466","1,170",CD,Draft Plan Approved,15 BRUNEL CRT,   ,170920
422,2014,896,"1,067","1,251","1,466","1,170",CD,Draft Plan Approved,72 ESTHER SHINER BLVD,   ,121725
423,2014,896,"1,067","1,251","1,466","1,170",CD,Draft Plan Approved,72 ESTHER SHINER BLVD,   ,121726
424,2014,896,"1,067","1,251","1,466","1,170",CD,Closed,133 HAZELTON AVE,M5R,170802
425,2014,896,"1,067","1,251","1,466","1,170",CD,Closed,50 CURZON ST,M4M,170681
426,2014,896,"1,067","1,251","1,466","1,170",CD,Closed,1780 ALBION RD,M9V,158610
427,2014,896,"1,067","1,251","1,466","1,170",CD,Draft Plan Approved,29 BRUNEL CRT,   ,170565
428,2014,896,"1,067","1,251","1,466","1,170",CD,Draft Plan Approved,815 MIDDLEFIELD RD,M1V,123183
429,2014,896,"1,067","1,251","1,466","1,170",CD,Draft Plan Approved,25 CUNNINGHAM AVE,M6K,123270
430,2014,896,"1,067","1,251","1,466","1,170",CD,Draft Plan Approved,25 CUNNINGHAM AVE,M6K,159266
431,2014,896,"1,067","1,251","1,466","1,170",CD,Draft Plan Approved,6 FORT YORK BLVD,   ,170561
432,2014,896,"1,067","1,251","1,466","1,170",CD,Draft Plan Approved,851 MILLWOOD RD,M4G,159046
433,2015,937,"1,103","1,286","1,516","1,208",CD,Closed,36 NELSON ST,   ,165215
434,2015,937,"1,103","1,286","1,516","1,208",CD,Closed,30 NELSON ST,   ,159154
435,2015,937,"1,103","1,286","1,516","1,208",CD,Closed,209 WICKSTEED AVE,M4G,142258
436,2015,937,"1,103","1,286","1,516","1,208",CD,Closed,445 RICHMOND ST,M5V,171446
437,2015,937,"1,103","1,286","1,516","1,208",CD,Closed,3600 LAKE SHORE BLVD,M8W,158302
438,2015,937,"1,103","1,286","1,516","1,208",CD,Closed,3600 LAKE SHORE BLVD,M8W,158301
439,2015,937,"1,103","1,286","1,516","1,208",CD,Closed,364 DUNDAS ST,M5A,173736
440,2015,937,"1,103","1,286","1,516","1,208",CD,Under Review ,431 ROYAL YORK RD,M8Y,158298
441,2015,937,"1,103","1,286","1,516","1,208",CD,Closed,3560 LAKE SHORE BLVD,M8W,157900
442,2015,937,"1,103","1,286","1,516","1,208",CD,Closed,3560 LAKE SHORE BLVD,M8W,157899
443,2015,937,"1,103","1,286","1,516","1,208",CD,Closed,120 BAYVIEW AVE,   ,156481
444,2015,937,"1,103","1,286","1,516","1,208",CD,Closed,6620 FINCH AVE,M9V,157790
445,2015,937,"1,103","1,286","1,516","1,208",CD,Closed,51 EAST LIBERTY ST,   ,171478
446,2015,937,"1,103","1,286","1,516","1,208",CD,Final Approval Completed,208 FINCH AVE,M2R,150119
447,2015,937,"1,103","1,286","1,516","1,208",CD,Closed,255 VILLAGE GREEN SQ,   ,167028
448,2015,937,"1,103","1,286","1,516","1,208",CD,Closed,1830 BLOOR ST,   ,159862
449,2015,937,"1,103","1,286","1,516","1,208",CD,Closed,34 HAZELTON AVE,M5R,164419
450,2015,937,"1,103","1,286","1,516","1,208",CD,Closed,455 FRONT ST,M5A,156484
451,2015,937,"1,103","1,286","1,516","1,208",CD,Final Approval Completed,206 FINCH AVE,M2R,149898
452,2015,937,"1,103","1,286","1,516","1,208",CD,Closed,4800 EGLINTON AVE,   ,164906
453,2015,937,"1,103","1,286","1,516","1,208",CD,Closed,377 MADISON AVE,M4V,156599
454,2015,937,"1,103","1,286","1,516","1,208",CD,Under Review ,28 MARINA AVE,M8W,165247
455,2015,937,"1,103","1,286","1,516","1,208",CD,Closed,4 ASHLEY RD,   ,155780
456,2015,937,"1,103","1,286","1,516","1,208",CD,Closed,12 ASHLEY RD,   ,155781
457,2015,937,"1,103","1,286","1,516","1,208",CD,Closed,36 HAZELTON AVE,M5R,155859
458,2015,937,"1,103","1,286","1,516","1,208",CD,Closed,38 HAZELTON AVE,M5R,171815
459,2015,937,"1,103","1,286","1,516","1,208",CD,Closed,270 SPADINA AVE,M5T,171851
460,2015,937,"1,103","1,286","1,516","1,208",CD,Closed,3560 ST CLAIR AVE,M1K,156137
461,2015,937,"1,103","1,286","1,516","1,208",CD,Closed,170 MILL ST,   ,165864
462,2015,937,"1,103","1,286","1,516","1,208",CD,Closed,160 VANDERHOOF AVE,   ,172005
463,2015,937,"1,103","1,286","1,516","1,208",CD,Closed,538 EGLINTON AVE,M4P,137927
464,2015,937,"1,103","1,286","1,516","1,208",CD,Under Review ,1973 VICTORIA PARK AVE,M1R,166825
465,2015,937,"1,103","1,286","1,516","1,208",CD,Closed,6 ASHLEY RD,   ,159240
466,2015,937,"1,103","1,286","1,516","1,208",CD,Under Review ,1979 VICTORIA PARK AVE,M1R,170443
467,2015,937,"1,103","1,286","1,516","1,208",CD,Closed,199 RICHMOND ST,M5V,167635
468,2015,937,"1,103","1,286","1,516","1,208",CD,Closed,95 LEBOVIC AVE,   ,161240
469,2015,937,"1,103","1,286","1,516","1,208",CD,Closed,17 ELDORA AVE,M2M,146952
470,2015,937,"1,103","1,286","1,516","1,208",CD,Closed,19 ELDORA AVE,M2M,146955
471,2015,937,"1,103","1,286","1,516","1,208",CD,Closed,21 ELDORA AVE,M2M,146959
472,2015,937,"1,103","1,286","1,516","1,208",CD,Closed,23 ELDORA AVE,M2M,146962
473,2015,937,"1,103","1,286","1,516","1,208",CD,Closed,25 ELDORA AVE,M2M,146965
474,2015,937,"1,103","1,286","1,516","1,208",CD,Closed,49 HENDON AVE,M2M,146968
475,2015,937,"1,103","1,286","1,516","1,208",CD,Under Review ,1677 WESTON RD,M9N,153471
476,2015,937,"1,103","1,286","1,516","1,208",CD,Closed,9 ELDORA AVE,M2M,147108
477,2015,937,"1,103","1,286","1,516","1,208",CD,Closed,200 JARVIS ST,M5B,160921
478,2015,937,"1,103","1,286","1,516","1,208",CD,Closed,50 BARTLETT AVE,M6H,158981
479,2015,937,"1,103","1,286","1,516","1,208",CD,Closed,8 ASHLEY RD,   ,159029
480,2015,937,"1,103","1,286","1,516","1,208",CD,Closed,28 GREENVIEW AVE,M2M,147160
481,2015,937,"1,103","1,286","1,516","1,208",CD,Draft Plan Approved,23 BEVERLEY ST,M5T,172016
482,2015,937,"1,103","1,286","1,516","1,208",CD,Draft Plan Approved,17 R BEVERLEY ST,M5T,170509
483,2015,937,"1,103","1,286","1,516","1,208",CD,Closed,185 DAVENPORT RD,M5R,170790
484,2015,937,"1,103","1,286","1,516","1,208",CD,Closed,2277-2295 SHEPPARD AVE,M9M,143591
485,2015,937,"1,103","1,286","1,516","1,208",CD,Closed,441 RICHMOND ST,M5V,170224
486,2015,937,"1,103","1,286","1,516","1,208",CD,Closed,185 DAVENPORT RD,M5R,172864
487,2015,937,"1,103","1,286","1,516","1,208",CD,Under Review ,1991 VICTORIA PARK AVE,M1R,163823
488,2015,937,"1,103","1,286","1,516","1,208",CD,Closed,1 BLOOR ST,M4W,173332
489,2015,937,"1,103","1,286","1,516","1,208",CD,Under Review ,62 LONG BRANCH AVE,M8W,173315
490,2015,937,"1,103","1,286","1,516","1,208",CD,Closed,80 GALAXY BLVD,M9W,158463
491,2015,937,"1,103","1,286","1,516","1,208",CD,Under Review ,1967 VICTORIA PARK AVE,M1R,159655
492,2015,937,"1,103","1,286","1,516","1,208",CD,Closed,30 ROEHAMPTON AVE,   ,163622
493,2015,937,"1,103","1,286","1,516","1,208",CD,Under Review ,1985 VICTORIA PARK AVE,M1R,159076
494,2015,937,"1,103","1,286","1,516","1,208",CD,Closed,645 LAWRENCE AVE,M6A,144459
495,2015,937,"1,103","1,286","1,516","1,208",CD,Closed,643 LAWRENCE AVE,M6A,144462
496,2015,937,"1,103","1,286","1,516","1,208",CD,Closed,641 LAWRENCE AVE,M6A,144465
497,2015,937,"1,103","1,286","1,516","1,208",CD,Closed,639 LAWRENCE AVE,M6A,144468
498,2015,937,"1,103","1,286","1,516","1,208",CD,Closed,441 JANE ST,M6S,155012
499,2015,937,"1,103","1,286","1,516","1,208",CD,Draft Plan Approved,2179 WESTON RD,M9N,173071
500,2015,937,"1,103","1,286","1,516","1,208",CD,Closed,10 ASHLEY RD,   ,158826
501,2015,937,"1,103","1,286","1,516","1,208",CD,Closed,2205 SHEPPARD AVE,M2J,153996
502,2015,937,"1,103","1,286","1,516","1,208",CD,Under Review ,1973-1991 VICTORIA PARK AVE,M1R,172838
503,2015,937,"1,103","1,286","1,516","1,208",CD,Closed,11 ELDORA AVE,M2M,147111
504,2015,937,"1,103","1,286","1,516","1,208",CD,Closed,15 ELDORA AVE,M2M,146949
505,2015,937,"1,103","1,286","1,516","1,208",CD,Closed,1230 DUNDAS ST,M4M,132756
506,2015,937,"1,103","1,286","1,516","1,208",CD,Closed,621 KING ST,M5V,128560
507,2015,937,"1,103","1,286","1,516","1,208",CD,Under Review ,259 DOVERCOURT RD,M6J,127485
508,2015,937,"1,103","1,286","1,516","1,208",CD,Closed,700 HURON ST,M4V,117845
509,2015,937,"1,103","1,286","1,516","1,208",CD,Closed,858 DUNDAS ST,M6J,127295
510,2015,937,"1,103","1,286","1,516","1,208",CD,Draft Plan Approved,19 BEVERLEY ST,M5T,129750
511,2015,937,"1,103","1,286","1,516","1,208",CD,Closed,219 MANNING AVE,   ,124635
512,2015,937,"1,103","1,286","1,516","1,208",CD,Draft Plan Approved,21 BEVERLEY ST,M5T,129755
513,2015,937,"1,103","1,286","1,516","1,208",CD,Closed,147 DAVENPORT RD,M5R,128570
514,2015,937,"1,103","1,286","1,516","1,208",CD,Draft Plan Approved,15 BEVERLEY ST,M5T,129689
515,2015,937,"1,103","1,286","1,516","1,208",CD,Closed,155 DUNDAS ST,M5B,130390
516,2015,937,"1,103","1,286","1,516","1,208",CD,Closed,16 MCADAM AVE,   ,117352
517,2015,937,"1,103","1,286","1,516","1,208",CD,Closed,251 KING ST,M5A,131731
518,2015,937,"1,103","1,286","1,516","1,208",CD,Closed,856 DUNDAS ST,M6J,127291
519,2015,937,"1,103","1,286","1,516","1,208",CD,Under Review ,1961 VICTORIA PARK AVE,M1R,116929
520,2015,937,"1,103","1,286","1,516","1,208",CD,Draft Plan Approved,17 BEVERLEY ST,M5T,129693
521,2015,937,"1,103","1,286","1,516","1,208",CD,Closed,219 MANNING AVE,   ,124634
522,2015,937,"1,103","1,286","1,516","1,208",CD,Closed,1243 DUNDAS ST,M6J,127491
523,2015,937,"1,103","1,286","1,516","1,208",CD,Closed,217 MANNING AVE,   ,127584
524,2015,937,"1,103","1,286","1,516","1,208",CD,Closed,525 ADELAIDE ST,M5V,127938
525,2015,937,"1,103","1,286","1,516","1,208",CD,Closed,2803 DUNDAS ST,M6P,122523
526,2015,937,"1,103","1,286","1,516","1,208",CD,Closed,21 GRENVILLE ST,M4Y,130138
527,2015,937,"1,103","1,286","1,516","1,208",CD,Closed,23 BLOOR ST,M4W,131491
528,2015,937,"1,103","1,286","1,516","1,208",CD,Closed,217 MANNING AVE,   ,127585
529,2015,937,"1,103","1,286","1,516","1,208",CD,Closed,711 YONGE ST,M4Y,131489
530,2015,937,"1,103","1,286","1,516","1,208",CD,Closed,709 YONGE ST,M4Y,131487
531,2015,937,"1,103","1,286","1,516","1,208",CD,Draft Plan Approved,71 SAULTER ST,   ,132714
532,2015,937,"1,103","1,286","1,516","1,208",CD,Closed,42 CHARLES ST,M4Y,131443
533,2015,937,"1,103","1,286","1,516","1,208",CD,Closed,1844 BLOOR ST,M6P,123251
534,2015,937,"1,103","1,286","1,516","1,208",CD,Under Review ,1955 VICTORIA PARK AVE,M1R,120088
535,2015,937,"1,103","1,286","1,516","1,208",CD,Closed,431 RICHMOND ST,M5V,129974
536,2015,937,"1,103","1,286","1,516","1,208",CD,Draft Plan Approved,27 BEVERLEY ST,M5T,129938
537,2015,937,"1,103","1,286","1,516","1,208",CD,Draft Plan Approved,73 SAULTER ST,   ,133024
538,2015,937,"1,103","1,286","1,516","1,208",CD,Closed,10 NELSON ST,M1J,119929
539,2015,937,"1,103","1,286","1,516","1,208",CD,Closed,20 GLADSTONE AVE,M6J,124722
540,2015,937,"1,103","1,286","1,516","1,208",CD,Closed,856 DUNDAS ST,M6J,127290
541,2015,937,"1,103","1,286","1,516","1,208",CD,Closed,858 DUNDAS ST,M6J,127294
542,2015,937,"1,103","1,286","1,516","1,208",CD,Closed,11 PEEL AVE,M6J,125754
543,2015,937,"1,103","1,286","1,516","1,208",CD,Closed,185 DAVENPORT RD,M5R,116369
544,2015,937,"1,103","1,286","1,516","1,208",CD,Closed,185 DAVENPORT RD,M5R,116366
545,2015,937,"1,103","1,286","1,516","1,208",CD,Closed,26 GREENVIEW AVE,M2M,116208
546,2015,937,"1,103","1,286","1,516","1,208",CD,Closed,854 DUNDAS ST,M6J,127067
547,2015,937,"1,103","1,286","1,516","1,208",CD,Closed,358 DUNDAS ST,M5A,130861
548,2015,937,"1,103","1,286","1,516","1,208",CD,Closed,360 DUNDAS ST,M5A,130860
549,2015,937,"1,103","1,286","1,516","1,208",CD,Closed,185 DAVENPORT RD,M5R,116372
550,2015,937,"1,103","1,286","1,516","1,208",CD,Closed,199 RICHMOND ST,M5V,129584
551,2015,937,"1,103","1,286","1,516","1,208",CD,Closed,998 COLLEGE ST,M6H,126667
552,2015,937,"1,103","1,286","1,516","1,208",CD,Closed,25 NORTHCOTE AVE,M6J,126641
553,2015,937,"1,103","1,286","1,516","1,208",CD,Closed,366 DUNDAS ST,M5A,130858
554,2015,937,"1,103","1,286","1,516","1,208",CD,Closed,368 DUNDAS ST,M5A,130857
555,2015,937,"1,103","1,286","1,516","1,208",CD,Closed,70 IANNUZZI ST,   ,115855
556,2015,937,"1,103","1,286","1,516","1,208",CD,Closed,203 RICHMOND ST,M5V,129353
557,2015,937,"1,103","1,286","1,516","1,208",CD,Closed,362 DUNDAS ST,M5A,130859
558,2015,937,"1,103","1,286","1,516","1,208",CD,Closed,181 RICHMOND ST,M5V,129589
559,2015,937,"1,103","1,286","1,516","1,208",CD,Closed,17 ISLAND RD,M1C,122125
560,2015,937,"1,103","1,286","1,516","1,208",CD,Closed,52 BARTLETT AVE,M6H,125206
561,2015,937,"1,103","1,286","1,516","1,208",CD,Closed,455 DOVERCOURT RD,M6H,127183
562,2015,937,"1,103","1,286","1,516","1,208",CD,Closed,984 BAY ST,M5S,130473
563,2015,937,"1,103","1,286","1,516","1,208",CD,Closed,990 BAY ST,M5S,130468
564,2015,937,"1,103","1,286","1,516","1,208",CD,Under Review ,68 LONG BRANCH AVE,M8W,116433
565,2015,937,"1,103","1,286","1,516","1,208",CD,Closed,14 HAYDEN ST,M4Y,130505
566,2015,937,"1,103","1,286","1,516","1,208",CD,Closed,1000 BAY ST,   ,130463
567,2015,937,"1,103","1,286","1,516","1,208",CD,Closed,854 DUNDAS ST,M6J,127068
568,2015,937,"1,103","1,286","1,516","1,208",CD,Closed,185 DAVENPORT RD,M5R,116480
569,2016,957,"1,132","1,326","1,525","1,240",CD,Closed,194 BLOOR ST,M5S,126396
570,2016,957,"1,132","1,326","1,525","1,240",CD,Final Approval Completed,3615 MCNICOLL AVE,M1X,155893
571,2016,957,"1,132","1,326","1,525","1,240",CD,Closed,1 SULTAN ST,M5S,155967
572,2016,957,"1,132","1,326","1,525","1,240",CD,Closed,85 FOREST MANOR RD,   ,166071
573,2016,957,"1,132","1,326","1,525","1,240",CD,Closed,56 BLUE JAYS WAY,M5V,127831
574,2016,957,"1,132","1,326","1,525","1,240",CD,Closed,192 A BLOOR ST,M5S,126393
575,2016,957,"1,132","1,326","1,525","1,240",CD,Closed,430 ADELAIDE ST,M5V,130247
576,2016,957,"1,132","1,326","1,525","1,240",CD,Closed,192 BLOOR ST,M5S,126312
577,2016,957,"1,132","1,326","1,525","1,240",CD,Closed,428 ADELAIDE ST,M5V,130243
578,2016,957,"1,132","1,326","1,525","1,240",CD,Closed,571 DUNDAS ST,M5T,166016
579,2016,957,"1,132","1,326","1,525","1,240",CD,Draft Plan Approved,2151-2153 LAKE SHORE BLVD,M8V,166185
580,2016,957,"1,132","1,326","1,525","1,240",CD,Closed,106 PARKWAY FOREST DR,   ,155678
581,2016,957,"1,132","1,326","1,525","1,240",CD,Closed,432 ADELAIDE ST,M5V,130252
582,2016,957,"1,132","1,326","1,525","1,240",CD,Closed,1751 SHEPPARD AVE,   ,165191
583,2016,957,"1,132","1,326","1,525","1,240",CD,Closed,36 NELSON ST,   ,165216
584,2016,957,"1,132","1,326","1,525","1,240",CD,Closed,36 PARK LAWN RD,M8Y,165227
585,2016,957,"1,132","1,326","1,525","1,240",CD,Closed,52 FOREST MANOR RD,   ,156373
586,2016,957,"1,132","1,326","1,525","1,240",CD,Draft Plan Approved,2151-2153 LAKE SHORE BLVD,M8V,166120
587,2016,957,"1,132","1,326","1,525","1,240",CD,Closed,99 THE DONWAY  ,   ,165257
588,2016,957,"1,132","1,326","1,525","1,240",CD,Closed,5 THE ESPLANADE  ,   ,165293
589,2016,957,"1,132","1,326","1,525","1,240",CD,Closed,125 PARKWAY FOREST DR,M2J,155681
590,2016,957,"1,132","1,326","1,525","1,240",CD,Closed,130 PARKWAY FOREST DR,M2J,155689
591,2016,957,"1,132","1,326","1,525","1,240",CD,Closed,7 ST THOMAS ST,   ,155755
592,2016,957,"1,132","1,326","1,525","1,240",CD,Closed,111 BATHURST ST,M5V,156079
593,2016,957,"1,132","1,326","1,525","1,240",CD,Closed,780 SHEPPARD AVE,M2K,155897
594,2016,957,"1,132","1,326","1,525","1,240",CD,Closed,103 OSSINGTON AVE,M6J,126165
595,2016,957,"1,132","1,326","1,525","1,240",CD,Closed,835 ST CLAIR AVE,M6C,128086
596,2016,957,"1,132","1,326","1,525","1,240",CD,Closed,123 PARKWAY FOREST DR,   ,159262
597,2016,957,"1,132","1,326","1,525","1,240",CD,Closed,80 FOREST MANOR RD,M2J,164263
598,2016,957,"1,132","1,326","1,525","1,240",CD,Closed,1962 A QUEEN ST,M4L,164220
599,2016,957,"1,132","1,326","1,525","1,240",CD,Closed,170 BAYVIEW AVE,   ,159377
600,2016,957,"1,132","1,326","1,525","1,240",CD,Closed,100 PARKWAY FOREST DR,M2J,164094
601,2016,957,"1,132","1,326","1,525","1,240",CD,Closed,90 HARBOUR ST,   ,164034
602,2016,957,"1,132","1,326","1,525","1,240",CD,Closed,88 SCOTT ST,   ,163989
603,2016,957,"1,132","1,326","1,525","1,240",CD,Closed,290 ADELAIDE ST,M5V,129104
604,2016,957,"1,132","1,326","1,525","1,240",CD,Closed,68 SHUTER ST,M5B,129596
605,2016,957,"1,132","1,326","1,525","1,240",CD,Closed,90 HARBOUR ST,   ,163851
606,2016,957,"1,132","1,326","1,525","1,240",CD,Closed,181 RICHMOND ST,M5V,129590
607,2016,957,"1,132","1,326","1,525","1,240",CD,Closed,2 SOUSA MENDES ST,   ,159716
608,2016,957,"1,132","1,326","1,525","1,240",CD,Closed,223 ST CLAIR AVE,M4V,129652
609,2016,957,"1,132","1,326","1,525","1,240",CD,Closed,2 SOUSA MENDES ST,   ,159717
610,2016,957,"1,132","1,326","1,525","1,240",CD,Closed,45 SOUSA MENDES ST,   ,159720
611,2016,957,"1,132","1,326","1,525","1,240",CD,Closed,50 SOUSA MENDES ST,   ,159722
612,2016,957,"1,132","1,326","1,525","1,240",CD,Closed,50 SOUSA MENDES ST,   ,159723
613,2016,957,"1,132","1,326","1,525","1,240",CD,Closed,199 RICHMOND ST,M5V,129585
614,2016,957,"1,132","1,326","1,525","1,240",CD,Closed,434 ADELAIDE ST,M5V,129151
615,2016,957,"1,132","1,326","1,525","1,240",CD,Closed,438 ADELAIDE ST,M5V,129156
616,2016,957,"1,132","1,326","1,525","1,240",CD,Closed,2 HOLIDAY DR,M9C,163291
617,2016,957,"1,132","1,326","1,525","1,240",CD,Closed,15 ZORRA ST,M8Z,162965
618,2016,957,"1,132","1,326","1,525","1,240",CD,Closed,636 EVANS AVE,M8W,162284
619,2016,957,"1,132","1,326","1,525","1,240",CD,Closed,70 SHUTER ST,M5B,129427
620,2016,957,"1,132","1,326","1,525","1,240",CD,Closed,203 RICHMOND ST,M5V,129354
621,2016,957,"1,132","1,326","1,525","1,240",CD,Closed,120-130 GEORGE HENRY BLVD,M2J,160416
622,2016,957,"1,132","1,326","1,525","1,240",CD,Closed,45 SOUSA MENDES ST,   ,159719
623,2016,957,"1,132","1,326","1,525","1,240",CD,Closed,0 GEORGE HENRY BLVD,   ,159223
624,2016,957,"1,132","1,326","1,525","1,240",CD,Closed,0 SHEPPARD AVE,   ,159221
625,2016,957,"1,132","1,326","1,525","1,240",CD,Closed,219 ST CLAIR AVE,M4V,129657
626,2016,957,"1,132","1,326","1,525","1,240",CD,Closed,833 ST CLAIR AVE,M6C,128164
627,2016,957,"1,132","1,326","1,525","1,240",CD,Closed,440 ADELAIDE ST,M5V,156831
628,2016,957,"1,132","1,326","1,525","1,240",CD,Closed,840 QUEENS PLATE DR,   ,156860
629,2016,957,"1,132","1,326","1,525","1,240",CD,Closed,829 ST CLAIR AVE,M6C,128167
630,2016,957,"1,132","1,326","1,525","1,240",CD,Closed,20 VANAULEY ST,M5T,130001
631,2016,957,"1,132","1,326","1,525","1,240",CD,Closed,426 ADELAIDE ST,M5V,129987
632,2016,957,"1,132","1,326","1,525","1,240",CD,Closed,90 HARBOUR ST,   ,128175
633,2016,957,"1,132","1,326","1,525","1,240",CD,Closed,277 DAVENPORT RD,M5R,126284
634,2016,957,"1,132","1,326","1,525","1,240",CD,Closed,90 HARBOUR ST,   ,128176
635,2016,957,"1,132","1,326","1,525","1,240",CD,Closed,100 HARBOUR ST,   ,164765
636,2016,957,"1,132","1,326","1,525","1,240",CD,Closed,100 HARBOUR ST,   ,164764
637,2016,957,"1,132","1,326","1,525","1,240",CD,Closed,370 WALLACE AVE,   ,164709
638,2016,957,"1,132","1,326","1,525","1,240",CD,Closed,370 WALLACE AVE,   ,164708
639,2016,957,"1,132","1,326","1,525","1,240",CD,Closed,200 BLOOR ST,M5S,128221
640,2016,957,"1,132","1,326","1,525","1,240",CD,Closed,215 ST CLAIR AVE,M4V,129824
641,2016,957,"1,132","1,326","1,525","1,240",CD,Closed,102 SHUTER ST,M5A,129807
642,2016,957,"1,132","1,326","1,525","1,240",CD,Closed,130 PARKWAY FOREST DR,M2J,164660
643,2016,957,"1,132","1,326","1,525","1,240",CD,Closed,108 SHUTER ST,M5A,129803
644,2016,957,"1,132","1,326","1,525","1,240",CD,Closed,357 BIRCHMOUNT RD,   ,164578
645,2016,957,"1,132","1,326","1,525","1,240",CD,Closed,64 B SHUTER ST,M5B,164472
646,2016,957,"1,132","1,326","1,525","1,240",CD,Closed,200 SACKVILLE ST,   ,159027
647,2016,957,"1,132","1,326","1,525","1,240",CD,Closed,213 ST CLAIR AVE,M4V,159052
648,2016,957,"1,132","1,326","1,525","1,240",CD,Closed,64 SHUTER ST,M5B,129678
649,2016,957,"1,132","1,326","1,525","1,240",CD,Closed,66 SHUTER ST,M5B,129673
650,2016,957,"1,132","1,326","1,525","1,240",CD,Closed,436 ADELAIDE ST,M5V,159117
651,2016,957,"1,132","1,326","1,525","1,240",CD,Closed,442 ADELAIDE ST,M5V,159123
652,2016,957,"1,132","1,326","1,525","1,240",CD,Closed,30 NELSON ST,   ,159155
653,2016,957,"1,132","1,326","1,525","1,240",CD,Closed,130 GEORGE HENRY BLVD,M2J,165009
654,2016,957,"1,132","1,326","1,525","1,240",CD,Closed,109-111 OSSINGTON AVE,M6J,126168
655,2016,957,"1,132","1,326","1,525","1,240",CD,Closed,91 AUGUSTA AVE,M5T,129357
656,2016,957,"1,132","1,326","1,525","1,240",CD,Closed,39 BRANT ST,   ,116092
657,2016,957,"1,132","1,326","1,525","1,240",CD,Closed,280 MANSE RD,M1E,171492
658,2016,957,"1,132","1,326","1,525","1,240",CD,Closed,55 FOREST MANOR RD,   ,116174
659,2016,957,"1,132","1,326","1,525","1,240",CD,Closed,10 NELSON ST,M1J,119930
660,2016,957,"1,132","1,326","1,525","1,240",CD,Closed,250 ROYAL YORK RD,M8V,171426
661,2016,957,"1,132","1,326","1,525","1,240",CD,Closed,1960 A QUEEN ST,M4L,135147
662,2016,957,"1,132","1,326","1,525","1,240",CD,Closed,1680 MIDLAND AVE,M1P,120804
663,2016,957,"1,132","1,326","1,525","1,240",CD,Closed,646 KINGSTON RD,M4E,171062
664,2016,957,"1,132","1,326","1,525","1,240",CD,Closed,3087-3095 DUFFERIN ST,M6A,172413
665,2016,957,"1,132","1,326","1,525","1,240",CD,Closed,5 SULTAN ST,M5S,132101
666,2016,957,"1,132","1,326","1,525","1,240",CD,Closed,109 OSSINGTON AVE,M6J,172421
667,2016,957,"1,132","1,326","1,525","1,240",CD,Closed,217 ST CLAIR AVE,M4V,171019
668,2016,957,"1,132","1,326","1,525","1,240",CD,Closed,980 LANSDOWNE AVE,M6H,116518
669,2016,957,"1,132","1,326","1,525","1,240",CD,Closed,362 WALLACE AVE,   ,172784
670,2016,957,"1,132","1,326","1,525","1,240",CD,Under Review ,1251 BRIDLETOWNE CRCL,M1W,121534
671,2016,957,"1,132","1,326","1,525","1,240",CD,Closed,3 SULTAN ST,M5S,170895
672,2016,957,"1,132","1,326","1,525","1,240",CD,Closed,3765 ST CLAIR AVE,M1M,121833
673,2016,957,"1,132","1,326","1,525","1,240",CD,Closed,927 EGLINTON AVE,M6C,170672
674,2016,957,"1,132","1,326","1,525","1,240",CD,Draft Plan Approved,43 DREWRY AVE,M2M,149803
675,2016,957,"1,132","1,326","1,525","1,240",CD,Closed,925 EGLINTON AVE,M6C,170669
676,2016,957,"1,132","1,326","1,525","1,240",CD,Closed,95 FOREST MANOR RD,   ,171642
677,2016,957,"1,132","1,326","1,525","1,240",CD,Closed,1962 QUEEN ST,M4L,170632
678,2016,957,"1,132","1,326","1,525","1,240",CD,Closed,125 GEORGE HENRY BLVD,   ,171643
679,2016,957,"1,132","1,326","1,525","1,240",CD,Closed,282 ST CLAIR AVE,M4V,137621
680,2016,957,"1,132","1,326","1,525","1,240",CD,Closed,362 WALLACE AVE,   ,173002
681,2016,957,"1,132","1,326","1,525","1,240",CD,Closed,70 FOREST MANOR RD,   ,117426
682,2016,957,"1,132","1,326","1,525","1,240",CD,Closed,62 FOREST MANOR RD,   ,117431
683,2016,957,"1,132","1,326","1,525","1,240",CD,Closed,66 FOREST MANOR RD,   ,117435
684,2016,957,"1,132","1,326","1,525","1,240",CD,Closed,2995 KEELE ST,   ,117708
685,2016,957,"1,132","1,326","1,525","1,240",CD,Closed,68 MERTON ST,M4S,135370
686,2016,957,"1,132","1,326","1,525","1,240",CD,Closed,0 BONIS AVE,   ,117870
687,2016,957,"1,132","1,326","1,525","1,240",CD,Closed,663 KINGSTON RD,M4E,133338
688,2016,957,"1,132","1,326","1,525","1,240",CD,Closed,715 KINGSTON RD,M4E,133205
689,2016,957,"1,132","1,326","1,525","1,240",CD,Closed,124 BELSIZE DR,M4S,135217
690,2016,957,"1,132","1,326","1,525","1,240",CD,Closed,1657 BATHURST ST,M5P,173220
691,2016,957,"1,132","1,326","1,525","1,240",CD,Closed,1 YORK ST,   ,173269
692,2016,957,"1,132","1,326","1,525","1,240",CD,Closed,1 YORK ST,   ,173270
693,2016,957,"1,132","1,326","1,525","1,240",CD,Closed,2175 LAKE SHORE BLVD,M8V,171715
694,2016,957,"1,132","1,326","1,525","1,240",CD,Closed,11 ST THOMAS ST,M5S,130840
695,2016,957,"1,132","1,326","1,525","1,240",CD,Closed,1340 KINGSTON RD,M1N,119349
696,2016,957,"1,132","1,326","1,525","1,240",CD,Closed,770 LAWRENCE AVE,M6A,145743
697,2016,957,"1,132","1,326","1,525","1,240",CD,Closed,3083-3085 DUFFERIN ST,M6A,145814
698,2016,957,"1,132","1,326","1,525","1,240",CD,Closed,1960 QUEEN ST,M4L,135151
699,2016,957,"1,132","1,326","1,525","1,240",CD,Closed,3089 DUFFERIN ST,M6A,145815
700,2016,957,"1,132","1,326","1,525","1,240",CD,Closed,855 WILSON AVE,M3K,142075
701,2016,957,"1,132","1,326","1,525","1,240",CD,Draft Plan Approved,26 PARKVIEW GDNS,M6P,123321
702,2016,957,"1,132","1,326","1,525","1,240",CD,Closed,64 CHARLES ST,M4Y,131291
703,2016,957,"1,132","1,326","1,525","1,240",CD,Draft Plan Approved,30 FIELDWAY RD,M8Z,167862
704,2016,957,"1,132","1,326","1,525","1,240",CD,Draft Plan Approved,26 FIELDWAY RD,M8Z,167859
705,2016,957,"1,132","1,326","1,525","1,240",CD,Closed,396 HOPEWELL AVE,M6E,153812
706,2016,957,"1,132","1,326","1,525","1,240",CD,Closed,398 HOPEWELL AVE,M6E,153816
707,2016,957,"1,132","1,326","1,525","1,240",CD,Closed,398 A HOPEWELL AVE,M6E,153819
708,2016,957,"1,132","1,326","1,525","1,240",CD,Closed,199 RICHMOND ST,M5V,167636
709,2016,957,"1,132","1,326","1,525","1,240",CD,Closed,297 COLLEGE ST,M5T,174135
710,2016,957,"1,132","1,326","1,525","1,240",CD,Closed,830 LANSDOWNE AVE,   ,125578
711,2016,957,"1,132","1,326","1,525","1,240",CD,Draft Plan Approved,1100 BRIAR HILL AVE,M6B,154237
712,2016,957,"1,132","1,326","1,525","1,240",CD,Closed,404 HOPEWELL AVE,M6E,154344
713,2016,957,"1,132","1,326","1,525","1,240",CD,Closed,3095 DUFFERIN ST,M6A,116810
714,2016,957,"1,132","1,326","1,525","1,240",CD,Closed,61 HAYDEN ST,M4Y,130901
715,2016,957,"1,132","1,326","1,525","1,240",CD,Closed,927 A EGLINTON AVE,M6C,166902
716,2016,957,"1,132","1,326","1,525","1,240",CD,Closed,80 FOREST MANOR RD,M2J,166818
717,2016,957,"1,132","1,326","1,525","1,240",CD,Closed,7 SULTAN ST,M5S,130850
718,2016,957,"1,132","1,326","1,525","1,240",CD,Closed,103 BATHURST ST,   ,155431
719,2016,957,"1,132","1,326","1,525","1,240",CD,Closed,9 SULTAN ST,M5S,130845
720,2016,957,"1,132","1,326","1,525","1,240",CD,Closed,1 THE ESPLANADE  ,   ,155444
721,2016,957,"1,132","1,326","1,525","1,240",CD,Closed,980 LANSDOWNE AVE,M6H,116519
722,2016,957,"1,132","1,326","1,525","1,240",CD,Closed,32-50 FOREST MANOR RD,M2J,153008
723,2016,957,"1,132","1,326","1,525","1,240",CD,Closed,221 ST CLAIR AVE,M4V,170549
724,2016,957,"1,132","1,326","1,525","1,240",CD,Closed,210 EASTERN AVE,M5A,172629
725,2016,957,"1,132","1,326","1,525","1,240",CD,Final Approval Completed,9 VALHALLA INN RD,   ,115939
726,2016,957,"1,132","1,326","1,525","1,240",CD,Closed,365 CHURCH ST,M5B,131286
727,2016,957,"1,132","1,326","1,525","1,240",CD,Closed,188 LIPPINCOTT ST,M5S,131282
728,2016,957,"1,132","1,326","1,525","1,240",CD,Closed,1761 SHEPPARD AVE,   ,116090
729,2016,957,"1,132","1,326","1,525","1,240",CD,Closed,120 GEORGE HENRY BLVD,M2J,116046
730,2016,957,"1,132","1,326","1,525","1,240",CD,Closed,50 CHARLES ST,M4Y,170465
731,2016,957,"1,132","1,326","1,525","1,240",CD,Closed,400 HOPEWELL AVE,M6E,170400
732,2016,957,"1,132","1,326","1,525","1,240",CD,Closed,400 A HOPEWELL AVE,M6E,170397
733,2016,957,"1,132","1,326","1,525","1,240",CD,Closed,50-60 CHARLES ST,M4Y,174045
734,2016,957,"1,132","1,326","1,525","1,240",CD,Closed,125 PARKWAY FOREST DR,M2J,151946
735,2016,957,"1,132","1,326","1,525","1,240",CD,Closed,355 CHURCH ST,M5B,131089
736,2016,957,"1,132","1,326","1,525","1,240",CD,Draft Plan Approved,1990 BLOOR ST,M6P,115947
737,2016,957,"1,132","1,326","1,525","1,240",CD,Closed,1 YORK ST,   ,170203
738,2016,957,"1,132","1,326","1,525","1,240",CD,Closed,1 YORK ST,   ,170202
739,2016,957,"1,132","1,326","1,525","1,240",CD,Closed,935 EGLINTON AVE,M6C,152280
740,2016,957,"1,132","1,326","1,525","1,240",CD,Closed,383 SORAUREN AVE,M6R,115942
741,2016,957,"1,132","1,326","1,525","1,240",CD,Closed,65 FOREST MANOR RD,M2J,152723
742,2016,957,"1,132","1,326","1,525","1,240",CD,Closed,110 PARKWAY FOREST DR,M2J,152725
743,2016,957,"1,132","1,326","1,525","1,240",CD,Closed,46 NORTH QUEEN ST,M8Z,169682
744,2016,957,"1,132","1,326","1,525","1,240",CD,Closed,3101 DUFFERIN ST,M6A,116848
745,2017,"1,013","1,194","1,403","1,589","1,308",CD,Closed,501 ST CLAIR AVE,M5R,164152
746,2017,"1,013","1,194","1,403","1,589","1,308",CD,Draft Plan Approved,610 RICHMOND ST,M5V,128703
747,2017,"1,013","1,194","1,403","1,589","1,308",CD,Draft Plan Approved,612 RICHMOND ST,M5V,128776
748,2017,"1,013","1,194","1,403","1,589","1,308",CD,Under Review ,90 NIAGARA ST,M5V,128980
749,2017,"1,013","1,194","1,403","1,589","1,308",CD,Draft Plan Approved,5186 YONGE ST,M2N,161123
750,2017,"1,013","1,194","1,403","1,589","1,308",CD,Draft Plan Approved,454-464 YONGE ST,M4Y,116403
751,2017,"1,013","1,194","1,403","1,589","1,308",CD,Closed,1377 SHEPPARD AVE,M3K,173062
752,2017,"1,013","1,194","1,403","1,589","1,308",CD,Closed,1377 SHEPPARD AVE,M3K,173064
753,2017,"1,013","1,194","1,403","1,589","1,308",CD,Closed,135 YORKVILLE AVE,M5R,173275
754,2017,"1,013","1,194","1,403","1,589","1,308",CD,Draft Plan Approved,80 MERCHANTS' WHARF  ,   ,163839
755,2017,"1,013","1,194","1,403","1,589","1,308",CD,Final Approval Completed,109 WOLSELEY ST,   ,116140
756,2017,"1,013","1,194","1,403","1,589","1,308",CD,Draft Plan Approved,30 MERCHANTS' WHARF  ,   ,163835
757,2017,"1,013","1,194","1,403","1,589","1,308",CD,Draft Plan Approved,27 EDGEWATER DR,   ,163831
758,2017,"1,013","1,194","1,403","1,589","1,308",CD,Draft Plan Approved,1 EDGEWATER DR,   ,163762
759,2017,"1,013","1,194","1,403","1,589","1,308",CD,Draft Plan Approved,5182 YONGE ST,M2N,163756
760,2017,"1,013","1,194","1,403","1,589","1,308",CD,Closed,126 HUDSON DR,M4T,136337
761,2017,"1,013","1,194","1,403","1,589","1,308",CD,Closed,50-60 CHARLES ST,M4Y,174046
762,2017,"1,013","1,194","1,403","1,589","1,308",CD,Closed,235 JARVIS ST,M5B,115748
763,2017,"1,013","1,194","1,403","1,589","1,308",CD,Draft Plan Approved,5192 YONGE ST,M2N,161126
764,2017,"1,013","1,194","1,403","1,589","1,308",CD,Draft Plan Approved,618 RICHMOND ST,M5V,129093
765,2017,"1,013","1,194","1,403","1,589","1,308",CD,Draft Plan Approved,608 RICHMOND ST,M5V,128700
766,2017,"1,013","1,194","1,403","1,589","1,308",CD,Closed,56 COLBORNE ST,   ,164683
767,2017,"1,013","1,194","1,403","1,589","1,308",CD,Draft Plan Approved,604 RICHMOND ST,M5V,128697
768,2017,"1,013","1,194","1,403","1,589","1,308",CD,Closed,132 QUEENS QUAY  ,M5A,171050
769,2017,"1,013","1,194","1,403","1,589","1,308",CD,Closed,4780 EGLINTON AVE,   ,164911
770,2017,"1,013","1,194","1,403","1,589","1,308",CD,Draft Plan Approved,2 HOUSEY ST,   ,164994
771,2017,"1,013","1,194","1,403","1,589","1,308",CD,Draft Plan Approved,1251 BRIDLETOWNE CRCL,M1W,121532
772,2017,"1,013","1,194","1,403","1,589","1,308",CD,Closed,50 CHARLES ST,M4Y,170467
773,2017,"1,013","1,194","1,403","1,589","1,308",CD,Under Review ,10 PARK LAWN RD,M8Y,165235
774,2017,"1,013","1,194","1,403","1,589","1,308",CD,Closed,1088 KINGSTON RD,M1N,170262
775,2017,"1,013","1,194","1,403","1,589","1,308",CD,Draft Plan Approved,120 HARBOUR ST,   ,165529
776,2017,"1,013","1,194","1,403","1,589","1,308",CD,Final Approval Completed,204 BATHURST ST,M5T,165973
777,2017,"1,013","1,194","1,403","1,589","1,308",CD,Draft Plan Approved,20 HOUSEY ST,   ,165988
778,2017,"1,013","1,194","1,403","1,589","1,308",CD,Draft Plan Approved,10 YORK ST,M5J,170090
779,2017,"1,013","1,194","1,403","1,589","1,308",CD,Draft Plan Approved,2059 WESTON RD,M9N,167927
780,2017,"1,013","1,194","1,403","1,589","1,308",CD,Draft Plan Approved,1040 ISLINGTON AVE,M8Z,167870
781,2017,"1,013","1,194","1,403","1,589","1,308",CD,Closed,1040 ISLINGTON AVE,M8Z,167869
782,2017,"1,013","1,194","1,403","1,589","1,308",CD,Draft Plan Approved,158 STERLING RD,M6R,125220
783,2017,"1,013","1,194","1,403","1,589","1,308",CD,Closed,2800 KEELE ST,M3M,166202
784,2017,"1,013","1,194","1,403","1,589","1,308",CD,Closed,1443 BATHURST ST,M5R,126133
785,2017,"1,013","1,194","1,403","1,589","1,308",CD,Closed,1238 AVENUE RD,M5N,171224
786,2017,"1,013","1,194","1,403","1,589","1,308",CD,Under Review ,99 BROADWAY AVE,M4P,172835
787,2017,"1,013","1,194","1,403","1,589","1,308",CD,Draft Plan Approved,1030 ISLINGTON AVE,M8Z,164801
788,2017,"1,013","1,194","1,403","1,589","1,308",CD,Closed,87 PETER ST,   ,128200
789,2017,"1,013","1,194","1,403","1,589","1,308",CD,Under Review ,115 MCMAHON DR,   ,164279
790,2017,"1,013","1,194","1,403","1,589","1,308",CD,Closed,2 BAYTREE CRES,   ,164283
791,2017,"1,013","1,194","1,403","1,589","1,308",CD,Closed,15 MERCHANTS' WHARF  ,   ,164294
792,2017,"1,013","1,194","1,403","1,589","1,308",CD,Closed,49 MERCHANTS' WHARF  ,   ,164297
793,2017,"1,013","1,194","1,403","1,589","1,308",CD,Under Review ,60 PARROTTA DR,   ,164339
794,2017,"1,013","1,194","1,403","1,589","1,308",CD,Under Review ,2355 SHEPPARD AVE,   ,164341
795,2017,"1,013","1,194","1,403","1,589","1,308",CD,Draft Plan Approved,5182-5190 YONGE ST,   ,117070
796,2017,"1,013","1,194","1,403","1,589","1,308",CD,Draft Plan Approved,1355 NEILSON RD,M1B,164449
797,2017,"1,013","1,194","1,403","1,589","1,308",CD,Closed,3720 MIDLAND AVE,M1V,117102
798,2017,"1,013","1,194","1,403","1,589","1,308",CD,Draft Plan Approved,143 FORT YORK BLVD,   ,172218
799,2017,"1,013","1,194","1,403","1,589","1,308",CD,Closed,1451 BATHURST ST,M5R,172210
800,2017,"1,013","1,194","1,403","1,589","1,308",CD,Closed,1092 KINGSTON RD,M1N,172167
801,2017,"1,013","1,194","1,403","1,589","1,308",CD,Draft Plan Approved,511 BREMNER BLVD,   ,117797
802,2017,"1,013","1,194","1,403","1,589","1,308",CD,Closed,1445 BATHURST ST,M5R,171817
803,2017,"1,013","1,194","1,403","1,589","1,308",CD,Draft Plan Approved,130 HARBOUR ST,   ,128553
804,2017,"1,013","1,194","1,403","1,589","1,308",CD,Closed,2229 KINGSTON RD,M1N,118057
805,2017,"1,013","1,194","1,403","1,589","1,308",CD,Draft Plan Approved,5218 YONGE ST,M2N,171764
806,2017,"1,013","1,194","1,403","1,589","1,308",CD,Closed,81 PETER ST,M5V,128195
807,2017,"1,013","1,194","1,403","1,589","1,308",CD,Closed,141 REDPATH AVE,M4P,136289
808,2017,"1,013","1,194","1,403","1,589","1,308",CD,Closed,150 FAIRVIEW MALL DR,   ,163632
809,2017,"1,013","1,194","1,403","1,589","1,308",CD,Closed,577 SHEPPARD AVE,M2K,154007
810,2017,"1,013","1,194","1,403","1,589","1,308",CD,Draft Plan Approved,103 BAYVIEW RIDGE  ,M2L,149650
811,2017,"1,013","1,194","1,403","1,589","1,308",CD,Draft Plan Approved,108 BAYVIEW RIDGE  ,M2L,149354
812,2017,"1,013","1,194","1,403","1,589","1,308",CD,Closed,54 COLBORNE ST,   ,130114
813,2017,"1,013","1,194","1,403","1,589","1,308",CD,Closed,60 COLBORNE ST,   ,130112
814,2017,"1,013","1,194","1,403","1,589","1,308",CD,Closed,70 COLBORNE ST,M5E,130110
815,2017,"1,013","1,194","1,403","1,589","1,308",CD,Closed,101 KING ST,   ,130108
816,2017,"1,013","1,194","1,403","1,589","1,308",CD,Under Review ,86 GUIDED CRT,M9V,157648
817,2017,"1,013","1,194","1,403","1,589","1,308",CD,Draft Plan Approved,5200 YONGE ST,M2N,147168
818,2017,"1,013","1,194","1,403","1,589","1,308",CD,Draft Plan Approved,5218 YONGE ST,M2N,146890
819,2017,"1,013","1,194","1,403","1,589","1,308",CD,Draft Plan Approved,219 QUEEN ST,   ,129835
820,2017,"1,013","1,194","1,403","1,589","1,308",CD,Draft Plan Approved,20 PERTH AVE,   ,158892
821,2017,"1,013","1,194","1,403","1,589","1,308",CD,Draft Plan Approved,3089 DUFFERIN ST,M6A,145816
822,2017,"1,013","1,194","1,403","1,589","1,308",CD,Draft Plan Approved,1321 GERRARD ST,M4L,133114
823,2017,"1,013","1,194","1,403","1,589","1,308",CD,Closed,1133 YONGE ST,M4T,134223
824,2017,"1,013","1,194","1,403","1,589","1,308",CD,Draft Plan Approved,3091 DUFFERIN ST,M6A,159189
825,2017,"1,013","1,194","1,403","1,589","1,308",CD,Closed,2522 KEELE ST,M6L,143077
826,2017,"1,013","1,194","1,403","1,589","1,308",CD,Closed,191 DUNDAS ST,M5A,129630
827,2017,"1,013","1,194","1,403","1,589","1,308",CD,Draft Plan Approved,17 DUNDONALD ST,M4Y,131330
828,2017,"1,013","1,194","1,403","1,589","1,308",CD,Draft Plan Approved,387 SHUTER ST,M5A,131298
829,2017,"1,013","1,194","1,403","1,589","1,308",CD,Closed,64 CHARLES ST,M4Y,131293
830,2017,"1,013","1,194","1,403","1,589","1,308",CD,Draft Plan Approved,114 HOUSEY ST,   ,156335
831,2017,"1,013","1,194","1,403","1,589","1,308",CD,Closed,2995 KEELE ST,   ,155340
832,2017,"1,013","1,194","1,403","1,589","1,308",CD,Closed,2995 KEELE ST,   ,155338
833,2017,"1,013","1,194","1,403","1,589","1,308",CD,Closed,21 AVENUE RD,M5R,155658
834,2017,"1,013","1,194","1,403","1,589","1,308",CD,Closed,61 HAYDEN ST,M4Y,130903
835,2017,"1,013","1,194","1,403","1,589","1,308",CD,Draft Plan Approved,385 SHUTER ST,M5A,130491
836,2017,"1,013","1,194","1,403","1,589","1,308",CD,Draft Plan Approved,383 SHUTER ST,M5A,130488
837,2017,"1,013","1,194","1,403","1,589","1,308",CD,Draft Plan Approved,381 SHUTER ST,M5A,130486
838,2017,"1,013","1,194","1,403","1,589","1,308",CD,Draft Plan Approved,5184 YONGE ST,M2N,160866
839,2017,"1,013","1,194","1,403","1,589","1,308",CD,Closed,25 MALCOLM RD,   ,159270
840,2017,"1,013","1,194","1,403","1,589","1,308",CD,Draft Plan Approved,411 CHURCH ST,M4Y,130454
841,2017,"1,013","1,194","1,403","1,589","1,308",CD,Draft Plan Approved,80 QUEENS WHARF RD,   ,156005
842,2017,"1,013","1,194","1,403","1,589","1,308",CD,Draft Plan Approved,90 QUEENS WHARF RD,   ,156007
843,2017,"1,013","1,194","1,403","1,589","1,308",CD,Draft Plan Approved,13-17 CUMMINGS ST,M4M,130412
844,2017,"1,013","1,194","1,403","1,589","1,308",CD,Draft Plan Approved,378 SHUTER ST,   ,156160
845,2017,"1,013","1,194","1,403","1,589","1,308",CD,Closed,261 QUEENS QUAY  ,M5A,130959
846,2017,"1,013","1,194","1,403","1,589","1,308",CD,Draft Plan Approved,261 QUEENS QUAY  ,M5A,130961
847,2017,"1,013","1,194","1,403","1,589","1,308",CD,Closed,12 BONNYCASTLE ST,   ,131109
848,2017,"1,013","1,194","1,403","1,589","1,308",CD,Draft Plan Approved,614 RICHMOND ST,M5V,130362
849,2017,"1,013","1,194","1,403","1,589","1,308",CD,Draft Plan Approved,70 QUEENS WHARF RD,   ,156004
850,2017,"1,013","1,194","1,403","1,589","1,308",CD,Closed,175 DUNDAS ST,M5A,129627
851,2017,"1,013","1,194","1,403","1,589","1,308",CD,Draft Plan Approved,379 SHUTER ST,M5A,130787
852,2017,"1,013","1,194","1,403","1,589","1,308",CD,Draft Plan Approved,140 PINERY TRL,   ,160213
853,2017,"1,013","1,194","1,403","1,589","1,308",CD,Under Review ,107 BROADWAY AVE,M4P,135881
854,2017,"1,013","1,194","1,403","1,589","1,308",CD,Closed,104 ROSEDALE HEIGHTS DR,M4T,135717
855,2017,"1,013","1,194","1,403","1,589","1,308",CD,Under Review ,95 BROADWAY AVE,M4P,135576
856,2017,"1,013","1,194","1,403","1,589","1,308",CD,Under Review ,197 REDPATH AVE,M4P,135572
857,2017,"1,013","1,194","1,403","1,589","1,308",CD,Closed,189 ROEHAMPTON AVE,M4P,135305
858,2017,"1,013","1,194","1,403","1,589","1,308",CD,Under Review ,743 WARDEN AVE,   ,159842
859,2017,"1,013","1,194","1,403","1,589","1,308",CD,Closed,161 PALMERSTON AVE,M6J,129459
860,2017,"1,013","1,194","1,403","1,589","1,308",CD,Closed,187 ROEHAMPTON AVE,M4P,135301
861,2017,"1,013","1,194","1,403","1,589","1,308",CD,Under Review ,91 CALLOWHILL DR,   ,159727
862,2017,"1,013","1,194","1,403","1,589","1,308",CD,Closed,193 ROEHAMPTON AVE,M4P,137266
863,2017,"1,013","1,194","1,403","1,589","1,308",CD,Closed,185 ROEHAMPTON AVE,M4P,135297
864,2017,"1,013","1,194","1,403","1,589","1,308",CD,Final Approval Completed,202 BATHURST ST,M5T,129455
865,2017,"1,013","1,194","1,403","1,589","1,308",CD,Closed,191 ROEHAMPTON AVE,M4P,137262
866,2017,"1,013","1,194","1,403","1,589","1,308",CD,Closed,130 QUEENS QUAY  ,M5A,129468
867,2017,"1,013","1,194","1,403","1,589","1,308",CD,Closed,139 REDPATH AVE,M4P,136285
868,2017,"1,013","1,194","1,403","1,589","1,308",CD,Closed,195 ROEHAMPTON AVE,M4P,135005
869,2017,"1,013","1,194","1,403","1,589","1,308",CD,Final Approval Completed,1346 DANFORTH RD,   ,159404
870,2017,"1,013","1,194","1,403","1,589","1,308",CD,Closed,183 ROEHAMPTON AVE,M4P,135021
871,2017,"1,013","1,194","1,403","1,589","1,308",CD,Closed,143 REDPATH AVE,M4P,135013
872,2017,"1,013","1,194","1,403","1,589","1,308",CD,Closed,145 REDPATH AVE,M4P,135017
873,2018,"1,081","1,261","1,468","1,647","1,370",CD,Under Review ,2131 YONGE ST,M4S,136893
874,2018,"1,081","1,261","1,468","1,647","1,370",CD,Under Review ,175 JONES AVE,M4M,173344
875,2018,"1,081","1,261","1,468","1,647","1,370",CD,Draft Plan Approved,9 GLOUCESTER ST,M4Y,131126
876,2018,"1,081","1,261","1,468","1,647","1,370",CD,Draft Plan Approved,161 ROEHAMPTON AVE,M4P,137467
877,2018,"1,081","1,261","1,468","1,647","1,370",CD,Under Review ,8833 SHEPPARD AVE,M1B,170308
878,2018,"1,081","1,261","1,468","1,647","1,370",CD,Closed,66 HOWARD PARK AVE,M6R,124209
879,2018,"1,081","1,261","1,468","1,647","1,370",CD,Draft Plan Approved,838 YONGE ST,M4W,126008
880,2018,"1,081","1,261","1,468","1,647","1,370",CD,Under Review ,34 COULSON AVE,M4V,136650
881,2018,"1,081","1,261","1,468","1,647","1,370",CD,Draft Plan Approved,118 PARLIAMENT ST,M5A,170369
882,2018,"1,081","1,261","1,468","1,647","1,370",CD,Draft Plan Approved,11 GLOUCESTER ST,M4Y,131127
883,2018,"1,081","1,261","1,468","1,647","1,370",CD,Closed,3 KINGSLAKE RD,M2J,170413
884,2018,"1,081","1,261","1,468","1,647","1,370",CD,Closed,5 KINGSLAKE RD,M2J,170450
885,2018,"1,081","1,261","1,468","1,647","1,370",CD,Draft Plan Approved,836 YONGE ST,M4W,126011
886,2018,"1,081","1,261","1,468","1,647","1,370",CD,Closed,46 WELLESLEY ST,M4Y,131271
887,2018,"1,081","1,261","1,468","1,647","1,370",CD,Closed,60 HOWARD PARK AVE,M6R,124117
888,2018,"1,081","1,261","1,468","1,647","1,370",CD,Draft Plan Approved,167 ROEHAMPTON AVE,M4P,137472
889,2018,"1,081","1,261","1,468","1,647","1,370",CD,Closed,30 A HOWARD PARK AVE,M6R,124114
890,2018,"1,081","1,261","1,468","1,647","1,370",CD,Closed,33 DUNDONALD ST,M4Y,131028
891,2018,"1,081","1,261","1,468","1,647","1,370",CD,Draft Plan Approved,838 YONGE ST,M4W,126007
892,2018,"1,081","1,261","1,468","1,647","1,370",CD,Under Review ,35 PEYTON LANE,   ,170147
893,2018,"1,081","1,261","1,468","1,647","1,370",CD,Under Review ,3052 BAYVIEW AVE,M2N,152224
894,2018,"1,081","1,261","1,468","1,647","1,370",CD,Draft Plan Approved,1027 YONGE ST,M4W,136228
895,2018,"1,081","1,261","1,468","1,647","1,370",CD,Draft Plan Approved,140 REDPATH AVE,   ,135997
896,2018,"1,081","1,261","1,468","1,647","1,370",CD,Under Review ,1025 DUPONT ST,M6H,125244
897,2018,"1,081","1,261","1,468","1,647","1,370",CD,Draft Plan Approved,151 ROEHAMPTON AVE,M4P,137178
898,2018,"1,081","1,261","1,468","1,647","1,370",CD,Under Review ,480 UNIVERSITY AVE,M5G,173734
899,2018,"1,081","1,261","1,468","1,647","1,370",CD,Draft Plan Approved,171 ROEHAMPTON AVE,M4P,173719
900,2018,"1,081","1,261","1,468","1,647","1,370",CD,Closed,161 EGLINTON AVE,M4P,115951
901,2018,"1,081","1,261","1,468","1,647","1,370",CD,Draft Plan Approved,157 ROEHAMPTON AVE,M4P,137259
902,2018,"1,081","1,261","1,468","1,647","1,370",CD,Draft Plan Approved,122 PARLIAMENT ST,M5A,174059
903,2018,"1,081","1,261","1,468","1,647","1,370",CD,Draft Plan Approved,10 EGLINTON AVE,M4P,136280
904,2018,"1,081","1,261","1,468","1,647","1,370",CD,Draft Plan Approved,955 BAY ST,M5S,167663
905,2018,"1,081","1,261","1,468","1,647","1,370",CD,Under Review ,19 WESTERN BATTERY RD,   ,167675
906,2018,"1,081","1,261","1,468","1,647","1,370",CD,Draft Plan Approved,7 GLOUCESTER ST,M4Y,130984
907,2018,"1,081","1,261","1,468","1,647","1,370",CD,Closed,31 DUNDONALD ST,M4Y,131024
908,2018,"1,081","1,261","1,468","1,647","1,370",CD,Draft Plan Approved,591 SHEPPARD AVE,M2K,152795
909,2018,"1,081","1,261","1,468","1,647","1,370",CD,Draft Plan Approved,138 ST HELEN'S AVE,M6H,124873
910,2018,"1,081","1,261","1,468","1,647","1,370",CD,Closed,17 ALLENBURY GDNS,M2J,170088
911,2018,"1,081","1,261","1,468","1,647","1,370",CD,Under Review ,104 NORTHCOTE AVE,M6J,125412
912,2018,"1,081","1,261","1,468","1,647","1,370",CD,Draft Plan Approved,840 YONGE ST,M4W,126004
913,2018,"1,081","1,261","1,468","1,647","1,370",CD,Under Review ,79 WOODBINE AVE,M4L,134870
914,2018,"1,081","1,261","1,468","1,647","1,370",CD,Draft Plan Approved,142 REDPATH AVE,   ,135777
915,2018,"1,081","1,261","1,468","1,647","1,370",CD,Closed,11 ALLENBURY GDNS,M2J,170594
916,2018,"1,081","1,261","1,468","1,647","1,370",CD,Closed,125 GEORGE HENRY BLVD,   ,171548
917,2018,"1,081","1,261","1,468","1,647","1,370",CD,Under Review ,32 HILLSDALE AVE,   ,135229
918,2018,"1,081","1,261","1,468","1,647","1,370",CD,Draft Plan Approved,1548 KINGSTON RD,M1N,119491
919,2018,"1,081","1,261","1,468","1,647","1,370",CD,Draft Plan Approved,1346 KINGSTON RD,M1N,119353
920,2018,"1,081","1,261","1,468","1,647","1,370",CD,Closed,35 DUNDONALD ST,M4Y,171685
921,2018,"1,081","1,261","1,468","1,647","1,370",CD,Draft Plan Approved,747 SHEPPARD AVE,M3H,145205
922,2018,"1,081","1,261","1,468","1,647","1,370",CD,Draft Plan Approved,173 ROEHAMPTON AVE,M4P,135176
923,2018,"1,081","1,261","1,468","1,647","1,370",CD,Draft Plan Approved,124 PARLIAMENT ST,M5A,133131
924,2018,"1,081","1,261","1,468","1,647","1,370",CD,Under Review ,169 JONES AVE,M4M,133160
925,2018,"1,081","1,261","1,468","1,647","1,370",CD,Draft Plan Approved,93 BERKELEY ST,M5A,133037
926,2018,"1,081","1,261","1,468","1,647","1,370",CD,Draft Plan Approved,14 TRENT AVE,M4C,133566
927,2018,"1,081","1,261","1,468","1,647","1,370",CD,Closed,50 WELLESLEY ST,M4Y,171977
928,2018,"1,081","1,261","1,468","1,647","1,370",CD,Draft Plan Approved,741 SHEPPARD AVE,   ,117655
929,2018,"1,081","1,261","1,468","1,647","1,370",CD,Amend Drft Plan App,255 RANEE AVE,   ,143631
930,2018,"1,081","1,261","1,468","1,647","1,370",CD,Under Review ,73 WOODBINE AVE,M4L,134641
931,2018,"1,081","1,261","1,468","1,647","1,370",CD,Under Review ,3 BULLER AVE,M4L,134661
932,2018,"1,081","1,261","1,468","1,647","1,370",CD,Closed,46 WELLESLEY ST,   ,117409
933,2018,"1,081","1,261","1,468","1,647","1,370",CD,Draft Plan Approved,11 ADELAIDE PL,M5V,172749
934,2018,"1,081","1,261","1,468","1,647","1,370",CD,Under Review ,101 OAKDALE RD,M3N,140418
935,2018,"1,081","1,261","1,468","1,647","1,370",CD,Under Review ,77 WOODBINE AVE,M4L,134867
936,2018,"1,081","1,261","1,468","1,647","1,370",CD,Under Review ,35 TANGIERS RD,M3J,144321
937,2018,"1,081","1,261","1,468","1,647","1,370",CD,Draft Plan Approved,424 ADELAIDE ST,M5A,132730
938,2018,"1,081","1,261","1,468","1,647","1,370",CD,Draft Plan Approved,424 ADELAIDE ST,M5A,132729
939,2018,"1,081","1,261","1,468","1,647","1,370",CD,Under Review ,02-Jan MEADOWGLEN PL,M1G,120562
940,2018,"1,081","1,261","1,468","1,647","1,370",CD,Under Review ,8817-8825 SHEPPARD AVE,M1B,122797
941,2018,"1,081","1,261","1,468","1,647","1,370",CD,Draft Plan Approved,593 YONGE ST,M4Y,131469
942,2018,"1,081","1,261","1,468","1,647","1,370",CD,Draft Plan Approved,35 WABASH AVE,M6R,122702
943,2018,"1,081","1,261","1,468","1,647","1,370",CD,Under Review ,83 WOODBINE AVE,M4L,134873
944,2018,"1,081","1,261","1,468","1,647","1,370",CD,Draft Plan Approved,897 QUEEN ST,M4M,131637
945,2018,"1,081","1,261","1,468","1,647","1,370",CD,Draft Plan Approved,144 REDPATH AVE,   ,135682
946,2018,"1,081","1,261","1,468","1,647","1,370",CD,Draft Plan Approved,602 KING ST,M5V,170749
947,2018,"1,081","1,261","1,468","1,647","1,370",CD,Closed,173 EGLINTON AVE,M4P,170764
948,2018,"1,081","1,261","1,468","1,647","1,370",CD,Draft Plan Approved,165 ROEHAMPTON AVE,M4P,135449
949,2018,"1,081","1,261","1,468","1,647","1,370",CD,Draft Plan Approved,2100-2122 BRIDLETOWNE CRCL,M1W,122045
950,2018,"1,081","1,261","1,468","1,647","1,370",CD,Under Review ,2815 KINGSTON RD,M1M,121837
951,2018,"1,081","1,261","1,468","1,647","1,370",CD,Draft Plan Approved,120 PARLIAMENT ST,M5A,131736
952,2018,"1,081","1,261","1,468","1,647","1,370",CD,Draft Plan Approved,116 PARLIAMENT ST,M5A,131742
953,2018,"1,081","1,261","1,468","1,647","1,370",CD,Draft Plan Approved,114 PARLIAMENT ST,M5A,131819
954,2018,"1,081","1,261","1,468","1,647","1,370",CD,Under Review ,2799 KINGSTON RD,   ,170987
955,2018,"1,081","1,261","1,468","1,647","1,370",CD,Draft Plan Approved,112 PARLIAMENT ST,M5A,132024
956,2018,"1,081","1,261","1,468","1,647","1,370",CD,Draft Plan Approved,368 JANE ST,M6S,121373
957,2018,"1,081","1,261","1,468","1,647","1,370",CD,Draft Plan Approved,460 ADELAIDE ST,   ,132496
958,2018,"1,081","1,261","1,468","1,647","1,370",CD,Draft Plan Approved,460 ADELAIDE ST,   ,132497
959,2018,"1,081","1,261","1,468","1,647","1,370",CD,Draft Plan Approved,2114 BLOOR ST,   ,171140
960,2018,"1,081","1,261","1,468","1,647","1,370",CD,Draft Plan Approved,836 YONGE ST,M4W,126012
961,2018,"1,081","1,261","1,468","1,647","1,370",CD,Draft Plan Approved,951 BAY ST,   ,170588
962,2018,"1,081","1,261","1,468","1,647","1,370",CD,Under Review ,228-250 MIDWEST RD,M1P,120587
963,2018,"1,081","1,261","1,468","1,647","1,370",CD,Draft Plan Approved,1 ADELAIDE PL,M5V,129402
964,2018,"1,081","1,261","1,468","1,647","1,370",CD,Under Review ,27 BATHURST ST,M5V,129664
965,2018,"1,081","1,261","1,468","1,647","1,370",CD,Under Review ,49 NIAGARA ST,M5V,129906
966,2018,"1,081","1,261","1,468","1,647","1,370",CD,Draft Plan Approved,846 YONGE ST,M4W,127341
967,2018,"1,081","1,261","1,468","1,647","1,370",CD,Under Review ,33-45 NIAGARA ST,M5V,129908
968,2018,"1,081","1,261","1,468","1,647","1,370",CD,Under Review ,576 FRONT ST,   ,159903
969,2018,"1,081","1,261","1,468","1,647","1,370",CD,Under Review ,1275 FINCH AVE,   ,163791
970,2018,"1,081","1,261","1,468","1,647","1,370",CD,Draft Plan Approved,844 YONGE ST,M4W,127344
971,2018,"1,081","1,261","1,468","1,647","1,370",CD,Draft Plan Approved,844 YONGE ST,M4W,127345
972,2018,"1,081","1,261","1,468","1,647","1,370",CD,Draft Plan Approved,840 YONGE ST,M4W,127348
973,2018,"1,081","1,261","1,468","1,647","1,370",CD,Closed,05-Mar ALLENBURY GDNS,M2J,165419
974,2018,"1,081","1,261","1,468","1,647","1,370",CD,Draft Plan Approved,95 BERKELEY ST,M5A,164712
975,2018,"1,081","1,261","1,468","1,647","1,370",CD,Under Review ,25 BATHURST ST,M5V,156301
976,2018,"1,081","1,261","1,468","1,647","1,370",CD,Under Review ,25 BATHURST ST,M5V,156303
977,2018,"1,081","1,261","1,468","1,647","1,370",CD,Draft Plan Approved,197 YONGE ST,M5B,129523
978,2018,"1,081","1,261","1,468","1,647","1,370",CD,Under Review ,33-45 NIAGARA ST,M5V,129909
979,2018,"1,081","1,261","1,468","1,647","1,370",CD,Under Review ,68 DAISY AVE,M8W,165711
980,2018,"1,081","1,261","1,468","1,647","1,370",CD,Draft Plan Approved,850 YONGE ST,M4W,164741
981,2018,"1,081","1,261","1,468","1,647","1,370",CD,Draft Plan Approved,5 GLOUCESTER ST,M4Y,164324
982,2018,"1,081","1,261","1,468","1,647","1,370",CD,Draft Plan Approved,850 YONGE ST,M4W,164742
983,2018,"1,081","1,261","1,468","1,647","1,370",CD,Draft Plan Approved,20 TUBMAN AVE,   ,159618
984,2018,"1,081","1,261","1,468","1,647","1,370",CD,Draft Plan Approved,647 DUNDAS ST,   ,159457
985,2018,"1,081","1,261","1,468","1,647","1,370",CD,Under Review ,578 FRONT ST,M5V,129918
986,2018,"1,081","1,261","1,468","1,647","1,370",CD,Closed,56 FOREST MANOR RD,   ,156448
987,2018,"1,081","1,261","1,468","1,647","1,370",CD,Draft Plan Approved,622 A KING ST,M5V,128968
988,2018,"1,081","1,261","1,468","1,647","1,370",CD,Under Review ,2183 LAKE SHORE BLVD,M8V,165148
989,2018,"1,081","1,261","1,468","1,647","1,370",CD,Draft Plan Approved,8 EGLINTON AVE,M4P,156491
990,2018,"1,081","1,261","1,468","1,647","1,370",CD,Under Review ,578 FRONT ST,M5V,129920
991,2018,"1,081","1,261","1,468","1,647","1,370",CD,Closed,21 ALLENBURY GDNS,M2J,164082
992,2018,"1,081","1,261","1,468","1,647","1,370",CD,Draft Plan Approved,875 QUEEN ST,M4M,129959
993,2018,"1,081","1,261","1,468","1,647","1,370",CD,Under Review ,2183 LAKE SHORE BLVD,M8V,164947
994,2018,"1,081","1,261","1,468","1,647","1,370",CD,Under Review ,2183 LAKE SHORE BLVD,M8V,164946
995,2018,"1,081","1,261","1,468","1,647","1,370",CD,Closed,50 FOREST MANOR RD,M2J,156370
996,2018,"1,081","1,261","1,468","1,647","1,370",CD,Draft Plan Approved,503 ADELAIDE ST,M5V,159290
997,2018,"1,081","1,261","1,468","1,647","1,370",CD,Draft Plan Approved,899 QUEEN ST,M4M,164063
998,2018,"1,081","1,261","1,468","1,647","1,370",CD,Under Review ,49 NIAGARA ST,M5V,129730
999,2018,"1,081","1,261","1,468","1,647","1,370",CD,Draft Plan Approved,505 ADELAIDE ST,M5V,129408
1000,2018,"1,081","1,261","1,468","1,647","1,370",CD,Draft Plan Approved,501 ADELAIDE ST,M5V,129412
1001,2018,"1,081","1,261","1,468","1,647","1,370",CD,Under Review ,580 FRONT ST,M5V,128618
1002,2018,"1,081","1,261","1,468","1,647","1,370",CD,Under Review ,580 FRONT ST,M5V,128616
1003,2018,"1,081","1,261","1,468","1,647","1,370",CD,Under Review ,27 BATHURST ST,M5V,129666
1004,2018,"1,081","1,261","1,468","1,647","1,370",CD,Draft Plan Approved,128 PEARS AVE,M5R,128609
1005,2018,"1,081","1,261","1,468","1,647","1,370",CD,Draft Plan Approved,591 DUNDAS ST,M5T,130715
1006,2018,"1,081","1,261","1,468","1,647","1,370",CD,Draft Plan Approved,846 YONGE ST,M4W,127340
1007,2018,"1,081","1,261","1,468","1,647","1,370",CD,Closed,50 ANN O'REILLY RD,   ,158960
1008,2018,"1,081","1,261","1,468","1,647","1,370",CD,Draft Plan Approved,2263 YONGE ST,M4P,156170
1009,2018,"1,081","1,261","1,468","1,647","1,370",CD,Under Review ,144 BERRY RD,M8Y,162125
1010,2018,"1,081","1,261","1,468","1,647","1,370",CD,Draft Plan Approved,1548 KINGSTON RD,M1N,164287
1011,2018,"1,081","1,261","1,468","1,647","1,370",CD,Under Review ,25 CORONET RD,M8Z,155638
1012,2018,"1,081","1,261","1,468","1,647","1,370",CD,Under Review ,1 NEIGHBOURHOOD LANE,   ,159183
1013,2018,"1,081","1,261","1,468","1,647","1,370",CD,Under Review ,488 UNIVERSITY AVE,   ,159275
1014,2018,"1,081","1,261","1,468","1,647","1,370",CD,Under Review ,150 BERRY RD,M8Y,162508
1015,2018,"1,081","1,261","1,468","1,647","1,370",CD,Closed,5365 DUNDAS ST,M9B,162606
1016,2018,"1,081","1,261","1,468","1,647","1,370",CD,Draft Plan Approved,3 YORKVILLE AVE,M4W,127336
1017,2018,"1,081","1,261","1,468","1,647","1,370",CD,Under Review ,7 MABELLE AVE,   ,164211
1018,2018,"1,081","1,261","1,468","1,647","1,370",CD,Draft Plan Approved,36 WELLESLEY ST,M4Y,158872
1019,2018,"1,081","1,261","1,468","1,647","1,370",CD,Under Review ,64 CORDOVA AVE,   ,166431
1020,2018,"1,081","1,261","1,468","1,647","1,370",CD,Draft Plan Approved,3 YORKVILLE AVE,M4W,127337
1021,2018,"1,081","1,261","1,468","1,647","1,370",CD,Under Review ,219 QUEEN ST,   ,129836
1022,2018,"1,081","1,261","1,468","1,647","1,370",CD,Under Review ,94 CUMBERLAND ST,M5R,126304
1023,2018,"1,081","1,261","1,468","1,647","1,370",CD,Draft Plan Approved,887 QUEEN ST,M4M,130577
