Year,Neighbourhood,Total,Bachelor,1 Bedroom,2 Bedroom,3 Bedroom +,Whole_Toronto_AV
2018,Agincourt/Malvern,1341,**,"1,105","1,316","1,569",1370
2018,Ajax/Pickering,1283,**,953,"1,248","1,397",1370
2018,Alderwood,1435,**,"1,169","1,462",**,1370
2018,Aurora,1298,**,"1,127","1,347",**,1370
2018,Banbury-Don Mills/York Mills,1286,**,"1,163","1,335","1,643",1370
2018,Bathurst Manor,1342,**,"1,216","1,346","1,567",1370
2018,Bay Street Corridor,2301,"1,615","2,013","3,114",**,1370
2018,Bayview Village,1666,"1,072","1,381","1,671",**,1370
2018,Bayview Woods-Steeles/Hillcrest Village,1580,**,"1,389","1,609","1,690",1370
2018,Bedford Park-Nortown,1277,947,"1,125","1,459","1,912",1370
2018,Beechborough-Greenbrook,1081,875,"1,022","1,137",**,1370
2018,Bendale,1217,"1,032","1,070","1,173","1,362",1370
2018,Birchcliffe-Cliffside,1301,943,"1,193","1,424",**,1370
2018,Black Creek,1284,"1,108","1,145","1,293","1,449",1370
2018,Bradford/West Gwillimbury/New Tecumseth,1127,951,977,"1,181","1,436",1370
2018,Brampton (East),1359,893,"1,240","1,398","1,498",1370
2018,Brampton (West),1244,818,"1,111","1,279","1,577",1370
2018,Briar Hill-Belgravia,1238,864,"1,138","1,367",**,1370
2018,Broadview North,1243,993,"1,205","1,424","1,714",1370
2018,Bronte,1503,**,"1,356","1,580","1,832",1370
2018,Brookhaven-Amesbury,1207,870,"1,062","1,271","1,515",1370
2018,Cabbagetown-South St. James Town,1419,995,"1,397","1,885",**,1370
2018,Caledon,**,**,**,**,**,1370
2018,Caledonia-Fairbank,1197,882,"1,071","1,389",**,1370
2018,Casa Loma,1838,"1,181","1,486","2,096","3,284",1370
2018,Churchill Meadows/Erin Mills,1451,887,"1,121","1,285","1,774",1370
2018,Church-Yonge Corridor,1617,"1,280","1,597","2,086",**,1370
2018,Clairlea-Birchmount,1144,955,"1,056","1,284","1,517",1370
2018,Clanton Park,1172,867,"1,080","1,296",**,1370
2018,Clarkson/Lorne Park,1275,980,"1,212","1,304","1,369",1370
2018,Cliffcrest,1238,**,"1,160","1,265","1,424",1370
2018,Cooksville,1329,869,"1,225","1,414","1,611",1370
2018,Crescent Town,1179,878,"1,096","1,341","1,558",1370
2018,Danforth Village-East York,1126,805,"1,080","1,248",**,1370
2018,Don Valley Village/Pleasant View,1392,988,"1,219","1,384","1,590",1370
2018,Dorset Park,1131,889,"1,015","1,139","1,367",1370
2018,Dovercourt/Davenport/Junction,1196,**,"1,024","1,312",**,1370
2018,Downsview,1212,876,"1,079","1,266","1,459",1370
2018,Dufferin Grove/Little Portugal,1192,888,"1,239",**,**,1370
2018,East End-Danforth,1553,988,"1,503","1,738",**,1370
2018,East Gwillimbury/Newmarket,1198,759,"1,161","1,286",**,1370
2018,Edenbridge-Humber Valley,1346,**,"1,189","1,330","1,832",1370
2018,Eglinton East,1209,"1,109","1,088","1,227","1,368",1370
2018,Elms-Old Rexdale,1352,**,**,"1,305","1,513",1370
2018,Englemount-Lawrence,1300,998,"1,063","1,320","1,734",1370
2018,Eringate-Centennial-West Deane,**,**,**,**,**,1370
2018,Etobicoke West Mall,1373,**,"1,161","1,389","1,593",1370
2018,Flemingdon Park,1255,**,"1,145","1,308","1,496",1370
2018,Forest Hill North,1479,"1,027","1,280","1,682","2,233",1370
2018,Forest Hill South,1435,"1,100","1,339","1,762",**,1370
2018,Georgina,969,**,830,"1,008",**,1370
2018,Guildwood,1430,**,**,**,"1,819",1370
2018,Henry Farm,1625,**,"1,388","1,716","1,798",1370
2018,High Park North/Junction,1559,"1,135","1,459","1,820","2,467",1370
2018,High Park-Swansea,1302,**,"1,216","1,570",**,1370
2018,Humber Heights-Westmount,1397,**,"1,309","1,405","1,555",1370
2018,Humewood-Cedarvale,1673,"1,013","1,454","2,156",**,1370
2018,Ionview,1149,913,"1,069","1,207","1,378",1370
2018,Islington/City Centre North,1508,"1,420","1,409","1,567","1,662",1370
2018,Islington/City Centre South,1326,"1,136","1,196","1,406","1,496",1370
2018,Keelesdale-Eglinton West,912,**,910,945,**,1370
2018,Kennedy Park,1204,719,"1,132","1,247","1,420",1370
2018,Kensington-Chinatown,**,**,**,**,**,1370
2018,Kingsview Village-The Westway,1304,**,"1,153","1,337","1,496",1370
2018,Kingsway South,**,**,**,**,**,1370
2018,Lambton Baby Point,1161,759,"1,173","1,165",**,1370
2018,L'Amoreaux/Steeles/Milliken,1259,**,"1,136","1,327","1,456",1370
2018,Lansing-Westgate,1587,**,"1,470","1,673","1,776",1370
2018,Lawrence Park North,1356,"1,127","1,256","1,546",**,1370
2018,Lawrence Park South,1437,"1,084","1,354","2,049",**,1370
2018,Leaside-Bennington,1359,"1,066","1,268","1,686",**,1370
2018,Little Italy/Trinity-Bellwoods,1156,**,**,**,**,1370
2018,Long Branch,1041,728,972,"1,153",**,1370
2018,Malton,1150,**,917,"1,181","1,247",1370
2018,Maple Leaf,1138,724,"1,028","1,196",**,1370
2018,Markham,1337,**,"1,213","1,408","1,538",1370
2018,Meadowvale,1548,**,"1,415","1,597","1,651",1370
2018,Milton/Halton Hills,1180,767,"1,084","1,228","1,620",1370
2018,Mimico,1104,902,"1,009","1,251",**,1370
2018,Mississauga Centre/Streetsville,1417,947,"1,259","1,438","1,670",1370
2018,Moore Park,1910,"1,164","1,812","2,151",**,1370
2018,Morningside,1152,**,"1,058","1,175","1,420",1370
2018,Moss Park/Regent Park,1285,975,"1,282","1,647","1,828",1370
2018,Mount Dennis,1298,971,"1,263","1,314",**,1370
2018,Mount Olive-Silverstone-Jamestown/Thistletown,1347,**,"1,201","1,292","1,470",1370
2018,Mount Pleasant East,1624,"1,087","1,485","1,956",**,1370
2018,Mount Pleasant West,1497,"1,224","1,431","1,814","2,486",1370
2018,New Toronto,1046,805,999,"1,153",**,1370
2018,North St. James Town,1279,"1,082","1,260","1,439",**,1370
2018,Oakridge,**,**,**,**,**,1370
2018,Oakville (excl. Bronte),1442,"1,050","1,295","1,475","1,715",1370
2018,Oakwood-Vaughan,1170,863,"1,087","1,360",**,1370
2018,O'Connor-Parkview,1172,880,"1,052","1,253","1,505",1370
2018,Old East York,1123,854,"1,111","1,236",**,1370
2018,Orangeville/Mono,1113,901,"1,059","1,171","1,106",1370
2018,Parkwoods-Donalda,1672,899,"1,199",**,"1,652",1370
2018,Playter Estates-Danforth,1275,973,"1,239","1,589",**,1370
2018,Port Credit,1239,908,"1,132","1,313","1,648",1370
2018,Princess-Rosethorn,**,**,**,**,**,1370
2018,Rexdale-Kipling,1115,743,963,"1,105","1,287",1370
2018,Richmond Hill/Vaughan/King,1289,"1,020","1,145","1,373","1,591",1370
2018,Riverdale,1199,853,"1,189","1,393",**,1370
2018,Rockcliffe-Smythe,1159,890,"1,068","1,268",**,1370
2018,Roncesvalles,1186,942,"1,103","1,465",**,1370
2018,Rosedale,**,**,**,**,**,1370
2018,Rouge,1162,**,**,"1,163","1,305",1370
2018,Rustic/Pelmo Park/Humberlea,1099,**,"1,019","1,135",**,1370
2018,Scarborough Village,1241,931,"1,126","1,253","1,453",1370
2018,South Parkdale/King West,1087,925,"1,102","1,281",**,1370
2018,St. Andrew-Windfields,1463,905,"1,287","1,491","1,735",1370
2018,Stonegate-Queensway,1112,906,"1,052","1,176","1,479",1370
2018,Tam O'Shanter-Sullivan,1233,925,"1,120","1,273","1,482",1370
2018,The Beaches,1241,898,"1,241","1,335",**,1370
2018,Thorncliffe Park,1317,861,"1,128","1,408","1,811",1370
2018,University/Annex,1506,"1,171","1,430","1,956",**,1370
2018,Uxbridge,**,**,**,**,**,1370
2018,Victoria Village,1225,891,"1,124","1,318","1,586",1370
2018,Waterfront Communities -The Island,1983,**,"1,841","2,256",**,1370
2018,West Hill,1192,"1,033","1,053","1,160","1,413",1370
2018,West Humber-Clairville,1250,858,"1,034","1,170","1,617",1370
2018,Westminster-Branson,1468,"1,023","1,301","1,504","1,666",1370
2018,Weston,1156,826,"1,080","1,262","1,441",1370
2018,Wexford-Maryvale,1128,922,"1,060","1,204","1,321",1370
2018,Whitchurch/Stouffville,**,**,**,**,**,1370
2018,Willowdale East/Newtonbrook East,1691,**,"1,465","1,861","2,223",1370
2018,Willowdale West/Newtonbrook West,1419,**,"1,292","1,492","1,696",1370
2018,Willowridge-Martingrove-Richview,1521,**,"1,158","1,558","1,782",1370
2018,Woburn,1201,916,"1,098","1,231","1,336",1370
2018,Woodbine Corridor/Greenwood-Coxwell,1116,810,"1,201",**,**,1370
2018,Woodbine-Lumsden,1239,**,"1,116",**,**,1370
2018,Wychwood,**,**,"1,196",**,**,1370
2018,Yonge-Eglinton,1429,"1,088","1,394","1,795",**,1370
2018,Yonge-St. Clair,1626,"1,180","1,412","1,966",**,1370
2018,Yorkdale-Glen Park,1215,**,"1,100","1,276","1,518",1370
2018,Toronto,1370,"1,081","1,261","1,468","1,647",1370
2017,Agincourt/Malvern,1320,**,**,**,"1,560",1308
2017,Ajax/Pickering,1193,**,969,"1,105","1,313",1308
2017,Alderwood,1288,**,997,"1,361",**,1308
2017,Aurora,1369,**,"1,200","1,402",**,1308
2017,Banbury-Don Mills/York Mills,1090,734,"1,055","1,161","1,245",1308
2017,Bathurst Manor,1290,845,"1,153","1,312","1,496",1308
2017,Bay Street Corridor,2112,"1,498","1,900","2,782",**,1308
2017,Bayview Village,1539,**,"1,370","1,614",**,1308
2017,Bayview Woods-Steeles/Hillcrest Village,**,**,**,**,**,1308
2017,Bedford Park-Nortown,1198,848,"1,049","1,355",**,1308
2017,Beechborough-Greenbrook,1053,740,937,"1,176",**,1308
2017,Bendale,1192,896,"1,067","1,165","1,325",1308
2017,Birchcliffe-Cliffside,1225,914,"1,117","1,358",**,1308
2017,Black Creek,1184,931,"1,023","1,176","1,397",1308
2017,Bradford/West Gwillimbury/New Tecumseth,1057,876,938,"1,127",**,1308
2017,Brampton (East),1340,**,"1,237","1,358","1,458",1308
2017,Brampton (West),1183,834,"1,059","1,219","1,421",1308
2017,Briar Hill-Belgravia,1130,762,"1,024","1,301",**,1308
2017,Broadview North,1199,892,"1,155","1,375","1,427",1308
2017,Bronte,1471,**,"1,339","1,540",**,1308
2017,Brookhaven-Amesbury,1180,818,"1,020","1,219","1,446",1308
2017,Cabbagetown-South St. James Town,1466,"1,021","1,448","1,813",**,1308
2017,Caledon,**,**,**,**,**,1308
2017,Caledonia-Fairbank,1087,843,"1,000","1,224",**,1308
2017,Casa Loma,1821,"1,031","1,419","2,075","3,187",1308
2017,Churchill Meadows/Erin Mills,1391,978,"1,084","1,249","1,759",1308
2017,Church-Yonge Corridor,1489,"1,171","1,486","1,947",**,1308
2017,Clairlea-Birchmount,1036,880,961,"1,180",**,1308
2017,Clanton Park,1140,885,"1,078","1,252",**,1308
2017,Clarkson/Lorne Park,1237,905,"1,147","1,282","1,349",1308
2017,Cliffcrest,1146,**,"1,057","1,183","1,325",1308
2017,Cooksville,1183,925,"1,086","1,257","1,412",1308
2017,Crescent Town,1129,832,"1,037","1,264","1,487",1308
2017,Danforth Village-East York,1059,822,"1,010","1,199",**,1308
2017,Don Valley Village/Pleasant View,1368,910,"1,214","1,359","1,560",1308
2017,Dorset Park,1124,883,989,"1,152","1,373",1308
2017,Dovercourt/Davenport/Junction,1262,"1,074","1,216","1,357",**,1308
2017,Downsview,1124,798,997,"1,169","1,368",1308
2017,Dufferin Grove/Little Portugal,1161,813,"1,184",**,**,1308
2017,East End-Danforth,1141,940,"1,033","1,230",**,1308
2017,East Gwillimbury/Newmarket,1192,763,"1,155","1,260",**,1308
2017,Edenbridge-Humber Valley,1218,**,"1,041","1,253",**,1308
2017,Eglinton East,1127,914,984,"1,136","1,399",1308
2017,Elms-Old Rexdale,1281,**,**,"1,257","1,441",1308
2017,Englemount-Lawrence,1217,905,"1,059","1,249","1,629",1308
2017,Eringate-Centennial-West Deane,1212,**,**,"1,203",**,1308
2017,Etobicoke West Mall,1298,**,"1,081","1,317","1,471",1308
2017,Flemingdon Park,1169,**,"1,038","1,236","1,403",1308
2017,Forest Hill North,1356,958,"1,190","1,541","2,008",1308
2017,Forest Hill South,1264,970,"1,168","1,577",**,1308
2017,Georgina,958,**,798,"1,001",**,1308
2017,Guildwood,**,**,**,**,**,1308
2017,Henry Farm,1417,**,"1,257","1,429","1,635",1308
2017,High Park North/Junction,1504,"1,064","1,388","1,808","2,552",1308
2017,High Park-Swansea,1224,**,"1,161","1,390",**,1308
2017,Humber Heights-Westmount,1353,**,"1,239","1,369","1,514",1308
2017,Humewood-Cedarvale,1593,941,"1,343","2,091","2,956",1308
2017,Ionview,1131,935,"1,044","1,192","1,456",1308
2017,Islington/City Centre North,1359,"1,223","1,261","1,428","1,506",1308
2017,Islington/City Centre South,1251,"1,023",**,"1,341",**,1308
2017,Keelesdale-Eglinton West,930,773,897,"1,046",**,1308
2017,Kennedy Park,1046,709,961,"1,095","1,251",1308
2017,Kensington-Chinatown,**,**,**,**,**,1308
2017,Kingsview Village-The Westway,1299,"1,107","1,140","1,317","1,529",1308
2017,Kingsway South,**,**,**,**,**,1308
2017,Lambton Baby Point,1290,773,"1,059",**,**,1308
2017,L'Amoreaux/Steeles/Milliken,1193,**,"1,078","1,258","1,412",1308
2017,Lansing-Westgate,1452,872,"1,337","1,537","1,616",1308
2017,Lawrence Park North,1459,"1,098","1,318","1,702",**,1308
2017,Lawrence Park South,1393,996,"1,291","1,762",**,1308
2017,Leaside-Bennington,1324,897,"1,180","1,593",**,1308
2017,Little Italy/Trinity-Bellwoods,1350,852,**,"1,487",**,1308
2017,Long Branch,997,**,941,"1,075",**,1308
2017,Malton,1083,**,864,"1,116",**,1308
2017,Maple Leaf,1213,**,"1,092","1,263",**,1308
2017,Markham,1339,**,"1,234","1,394","1,544",1308
2017,Meadowvale,1466,**,"1,294","1,527","1,635",1308
2017,Milton/Halton Hills,1139,700,"1,036","1,202","1,594",1308
2017,Mimico,1113,837,"1,075","1,320","1,595",1308
2017,Mississauga Centre/Streetsville,1347,899,"1,189","1,373","1,614",1308
2017,Moore Park,1737,**,"1,497","2,025",**,1308
2017,Morningside,1083,**,"1,022","1,085","1,344",1308
2017,Moss Park/Regent Park,1248,878,"1,122","1,552",**,1308
2017,Mount Dennis,1201,**,"1,123","1,243",**,1308
2017,Mount Olive-Silverstone-Jamestown/Thistletown,1371,**,"1,112","1,352","1,467",1308
2017,Mount Pleasant East,1502,"1,012","1,378","1,894","2,007",1308
2017,Mount Pleasant West,1428,"1,100","1,377","1,762","2,097",1308
2017,New Toronto,888,801,821,"1,045",**,1308
2017,North St. James Town,1262,"1,041","1,269","1,390",**,1308
2017,Oakridge,**,**,**,**,**,1308
2017,Oakville (excl. Bronte),1411,980,"1,238","1,434","1,761",1308
2017,Oakwood-Vaughan,1072,802,"1,034","1,186",**,1308
2017,O'Connor-Parkview,1144,762,997,"1,226","1,449",1308
2017,Old East York,1135,713,"1,065","1,269",**,1308
2017,Orangeville/Mono,1131,**,"1,078","1,190","1,152",1308
2017,Parkwoods-Donalda,1444,937,"1,225","1,473","1,638",1308
2017,Playter Estates-Danforth,1228,930,"1,189","1,536",**,1308
2017,Port Credit,1193,915,"1,104","1,255","1,551",1308
2017,Princess-Rosethorn,**,**,**,**,**,1308
2017,Rexdale-Kipling,1041,**,887,"1,028","1,180",1308
2017,Richmond Hill/Vaughan/King,1290,939,"1,153","1,388","1,631",1308
2017,Riverdale,1801,**,**,"2,027",**,1308
2017,Rockcliffe-Smythe,1079,806,977,"1,174","1,201",1308
2017,Roncesvalles,923,**,**,**,**,1308
2017,Rosedale,1567,**,"1,491","1,807",**,1308
2017,Rouge,1141,**,**,"1,135","1,265",1308
2017,Rustic/Pelmo Park/Humberlea,1127,**,"1,022","1,177",**,1308
2017,Scarborough Village,1189,**,"1,089","1,193","1,320",1308
2017,South Parkdale/King West,1034,850,"1,044","1,248",**,1308
2017,St. Andrew-Windfields,1447,889,"1,206","1,428","1,852",1308
2017,Stonegate-Queensway,1107,896,"1,051","1,160",**,1308
2017,Tam O'Shanter-Sullivan,1174,885,"1,063","1,212","1,416",1308
2017,The Beaches,1209,880,"1,176","1,472",**,1308
2017,Thorncliffe Park,1314,915,"1,101","1,430","1,786",1308
2017,University/Annex,1484,"1,076","1,353","1,957",**,1308
2017,Uxbridge,1227,**,"1,086","1,355","1,302",1308
2017,Victoria Village,1178,874,"1,076","1,281","1,542",1308
2017,Waterfront Communities -The Island,2276,**,"1,883","2,805",**,1308
2017,West Hill,1213,**,"1,027","1,202","1,378",1308
2017,West Humber-Clairville,1169,815,"1,038","1,153",**,1308
2017,Westminster-Branson,1359,943,"1,177","1,392","1,563",1308
2017,Weston,1117,851,"1,036","1,220",**,1308
2017,Wexford-Maryvale,1071,872,"1,006","1,139","1,254",1308
2017,Whitchurch/Stouffville,1153,**,"1,116","1,167",**,1308
2017,Willowdale East/Newtonbrook East,1667,**,"1,454","1,815","2,362",1308
2017,Willowdale West/Newtonbrook West,1342,**,"1,216","1,396","1,609",1308
2017,Willowridge-Martingrove-Richview,1601,**,"1,217","1,630","1,863",1308
2017,Woburn,1140,846,"1,017","1,174","1,280",1308
2017,Woodbine Corridor/Greenwood-Coxwell,1007,**,**,**,**,1308
2017,Woodbine-Lumsden,1114,**,"1,008",**,**,1308
2017,Wychwood,1168,**,"1,160",**,**,1308
2017,Yonge-Eglinton,1416,"1,076","1,316","1,840",**,1308
2017,Yonge-St. Clair,1474,"1,110","1,358","1,735",**,1308
2017,Yorkdale-Glen Park,1137,**,"1,033","1,233","1,235",1308
2017,Toronto,1308,"1,013","1,194","1,403","1,589",1308
2016,Agincourt/Malvern,1239,**,"1,107","1,251","1,361",1240
2016,Ajax/Pickering,1270,**,946,"1,212","1,302",1240
2016,Alderwood,1245,**,"1,036","1,264",**,1240
2016,Aurora,1286,**,"1,076","1,270",**,1240
2016,Banbury-Don Mills/York Mills,1218,881,"1,097","1,253","1,565",1240
2016,Bathurst Manor,1237,797,"1,101","1,259","1,435",1240
2016,Bay Street Corridor,2027,"1,450","1,728","2,885",**,1240
2016,Bayview Village,1499,**,"1,325","1,571",**,1240
2016,Bayview Woods-Steeles/Hillcrest Village,1614,**,"1,401","1,662","1,709",1240
2016,Bedford Park-Nortown,1271,889,"1,086","1,417","1,988",1240
2016,Beechborough-Greenbrook,1001,776,897,"1,109",**,1240
2016,Bendale,1136,866,"1,028","1,119","1,261",1240
2016,Birchcliffe-Cliffside,1237,877,"1,121","1,380",**,1240
2016,Black Creek,1145,918,981,"1,142","1,367",1240
2016,Bradford/West Gwillimbury/New Tecumseth,1023,827,920,"1,089","1,338",1240
2016,Brampton (East),1280,835,"1,170","1,314","1,405",1240
2016,Brampton (West),1143,771,"1,024","1,184","1,404",1240
2016,Briar Hill-Belgravia,1121,742,"1,020","1,248","1,428",1240
2016,Broadview North,1137,889,"1,099","1,326",**,1240
2016,Bronte,1408,**,"1,253","1,485","1,784",1240
2016,Brookhaven-Amesbury,1092,748,945,"1,122","1,402",1240
2016,Cabbagetown-South St. James Town,1298,953,"1,252","1,778",**,1240
2016,Caledon,**,**,**,**,**,1240
2016,Caledonia-Fairbank,1001,769,927,"1,108",**,1240
2016,Casa Loma,1763,"1,029","1,382","2,106","3,240",1240
2016,Churchill Meadows/Erin Mills,1301,855,991,"1,203","1,600",1240
2016,Church-Yonge Corridor,1349,"1,073","1,362","1,780",**,1240
2016,Clairlea-Birchmount,1020,889,948,"1,153",**,1240
2016,Clanton Park,1205,891,"1,112","1,321",**,1240
2016,Clarkson/Lorne Park,1193,894,"1,089","1,243","1,366",1240
2016,Cliffcrest,1101,837,"1,008","1,131","1,363",1240
2016,Cooksville,1152,898,"1,051","1,229","1,241",1240
2016,Crescent Town,1069,796,979,"1,195","1,480",1240
2016,Danforth Village-East York,1037,761,990,"1,147",**,1240
2016,Don Valley Village/Pleasant View,1288,848,"1,123","1,299","1,446",1240
2016,Dorset Park,1005,770,910,"1,044","1,326",1240
2016,Dovercourt/Davenport/Junction,**,**,**,"1,402",**,1240
2016,Downsview,1056,760,944,"1,109","1,269",1240
2016,Dufferin Grove/Little Portugal,1296,866,"1,322","1,651",**,1240
2016,East End-Danforth,1100,892,"1,053","1,194",**,1240
2016,East Gwillimbury/Newmarket,1094,738,"1,069","1,148",**,1240
2016,Edenbridge-Humber Valley,1217,**,"1,044","1,235","1,640",1240
2016,Eglinton East,1087,892,939,"1,108","1,265",1240
2016,Elms-Old Rexdale,1162,**,**,"1,168",**,1240
2016,Englemount-Lawrence,1161,824,"1,001","1,193","1,579",1240
2016,Eringate-Centennial-West Deane,1189,**,**,"1,195",**,1240
2016,Etobicoke West Mall,1286,"1,036","1,076","1,302","1,500",1240
2016,Flemingdon Park,1155,**,"1,014","1,204","1,431",1240
2016,Forest Hill North,1327,913,"1,146","1,461","2,049",1240
2016,Forest Hill South,1253,930,"1,185","1,442",**,1240
2016,Georgina,952,**,805,959,**,1240
2016,Guildwood,**,**,**,**,**,1240
2016,Henry Farm,1396,**,"1,248","1,422","1,615",1240
2016,High Park North/Junction,1465,"1,043","1,367","1,741","2,253",1240
2016,High Park-Swansea,1172,700,"1,130","1,333",**,1240
2016,Humber Heights-Westmount,1301,**,"1,126","1,313","1,482",1240
2016,Humewood-Cedarvale,1386,852,"1,246","1,641",**,1240
2016,Ionview,1069,843,988,"1,131","1,386",1240
2016,Islington/City Centre North,1337,"1,139","1,248","1,407","1,522",1240
2016,Islington/City Centre South,1208,991,**,"1,295",**,1240
2016,Keelesdale-Eglinton West,914,**,892,982,**,1240
2016,Kennedy Park,1031,**,932,"1,095","1,156",1240
2016,Kensington-Chinatown,**,**,**,**,**,1240
2016,Kingsview Village-The Westway,1278,"1,142","1,095","1,302","1,489",1240
2016,Kingsway South,**,**,"1,139",**,**,1240
2016,Lambton Baby Point,**,739,978,**,**,1240
2016,L'Amoreaux/Steeles/Milliken,1185,**,"1,060","1,244","1,422",1240
2016,Lansing-Westgate,1358,792,"1,237","1,435","1,578",1240
2016,Lawrence Park North,1417,"1,015","1,248","1,683",**,1240
2016,Lawrence Park South,1469,984,"1,261","1,752",**,1240
2016,Leaside-Bennington,1283,909,"1,138","1,537",**,1240
2016,Little Italy/Trinity-Bellwoods,1339,787,956,"1,479",**,1240
2016,Long Branch,945,747,916,"1,016",**,1240
2016,Malton,1105,**,871,"1,150","1,227",1240
2016,Maple Leaf,1129,710,"1,020","1,192",**,1240
2016,Markham,1228,**,"1,149","1,271","1,362",1240
2016,Meadowvale,1418,**,"1,281","1,448","1,548",1240
2016,Milton/Halton Hills,1123,710,"1,016","1,184","1,528",1240
2016,Mimico,1041,814,982,"1,240","1,564",1240
2016,Mississauga Centre/Streetsville,1305,850,"1,158","1,322","1,579",1240
2016,Moore Park,1657,"1,096","1,458","1,953",**,1240
2016,Morningside,1043,**,948,"1,067","1,279",1240
2016,Moss Park/Regent Park,1146,827,"1,111","1,524","1,885",1240
2016,Mount Dennis,1078,808,999,"1,125",**,1240
2016,Mount Olive-Silverstone-Jamestown/Thistletown,1202,**,"1,015","1,180","1,327",1240
2016,Mount Pleasant East,1348,950,"1,272","1,601","2,048",1240
2016,Mount Pleasant West,1358,"1,056","1,323","1,650","2,210",1240
2016,New Toronto,950,**,886,"1,095",**,1240
2016,North St. James Town,1174,943,"1,129","1,330","1,587",1240
2016,Oakridge,**,**,**,**,**,1240
2016,Oakville (excl. Bronte),1363,981,"1,202","1,393","1,626",1240
2016,Oakwood-Vaughan,1002,779,973,"1,160",**,1240
2016,O'Connor-Parkview,1051,749,945,"1,149","1,391",1240
2016,Old East York,1054,716,981,"1,227",**,1240
2016,Orangeville/Mono,1041,**,967,"1,097","1,110",1240
2016,Parkwoods-Donalda,1262,853,"1,071","1,254","1,479",1240
2016,Playter Estates-Danforth,1189,880,"1,150","1,505",**,1240
2016,Port Credit,1160,910,"1,059","1,219","1,515",1240
2016,Princess-Rosethorn,**,**,**,**,**,1240
2016,Rexdale-Kipling,1035,678,888,"1,029","1,163",1240
2016,Richmond Hill/Vaughan/King,1243,909,"1,134","1,322","1,488",1240
2016,Riverdale,1167,972,"1,164",**,**,1240
2016,Rockcliffe-Smythe,1034,764,918,"1,118","1,222",1240
2016,Roncesvalles,1202,**,"1,156",**,**,1240
2016,Rosedale,1700,**,"1,394","1,859",**,1240
2016,Rouge,1112,**,**,"1,111","1,247",1240
2016,Rustic/Pelmo Park/Humberlea,1067,**,959,"1,092","1,331",1240
2016,Scarborough Village,1077,**,979,"1,077","1,296",1240
2016,South Parkdale/King West,977,804,986,"1,165",**,1240
2016,St. Andrew-Windfields,1373,851,"1,146","1,380","1,732",1240
2016,Stonegate-Queensway,1042,872,983,"1,074",**,1240
2016,Tam O'Shanter-Sullivan,1149,867,"1,041","1,183","1,391",1240
2016,The Beaches,1228,888,"1,152","1,447","1,961",1240
2016,Thorncliffe Park,1231,807,"1,042","1,324","1,694",1240
2016,University/Annex,1473,"1,063","1,340","1,986","2,737",1240
2016,Uxbridge,1143,**,"1,049","1,207",**,1240
2016,Victoria Village,1094,836,"1,009","1,191","1,408",1240
2016,Waterfront Communities -The Island,1981,**,"1,697","2,352",**,1240
2016,West Hill,1068,778,967,"1,064","1,185",1240
2016,West Humber-Clairville,1180,858,981,"1,096",**,1240
2016,Westminster-Branson,1324,883,"1,133","1,353","1,526",1240
2016,Weston,1044,762,968,"1,162",**,1240
2016,Wexford-Maryvale,1069,807,982,"1,170","1,280",1240
2016,Whitchurch/Stouffville,1153,**,"1,112","1,179",**,1240
2016,Willowdale East/Newtonbrook East,1592,**,"1,383","1,714","2,265",1240
2016,Willowdale West/Newtonbrook West,1325,**,"1,204","1,397","1,564",1240
2016,Willowridge-Martingrove-Richview,1449,**,"1,107","1,477","1,652",1240
2016,Woburn,1092,828,985,"1,118","1,239",1240
2016,Woodbine Corridor/Greenwood-Coxwell,**,**,**,**,**,1240
2016,Woodbine-Lumsden,1094,**,"1,019",**,**,1240
2016,Wychwood,1236,**,"1,298",**,**,1240
2016,Yonge-Eglinton,1320,"1,015","1,290","1,616",**,1240
2016,Yonge-St. Clair,1566,"1,030","1,327","1,773",**,1240
2016,Yorkdale-Glen Park,1123,**,"1,019","1,212","1,349",1240
2016,Toronto,1240,957,"1,132","1,326","1,525",1240
2015,Agincourt/Malvern,1300,**,"1,106","1,294","1,522",1208
2015,Ajax/Pickering,1165,**,897,"1,094","1,308",1208
2015,Alderwood,1084,**,916,"1,124",**,1208
2015,Aurora,1215,**,"1,112","1,299",**,1208
2015,Banbury-Don Mills/York Mills,1061,740,"1,005","1,136","1,248",1208
2015,Bathurst Manor,1233,772,"1,104","1,230","1,426",1208
2015,Bay Street Corridor,2067,"1,372","1,730","2,493",**,1208
2015,Bayview Village,1367,**,"1,227","1,447",**,1208
2015,Bayview Woods-Steeles/Hillcrest Village,**,**,**,**,**,1208
2015,Bedford Park-Nortown,1154,864,982,"1,315",**,1208
2015,Beechborough-Greenbrook,944,767,853,"1,059",**,1208
2015,Bendale,1079,769,955,"1,070","1,202",1208
2015,Birchcliffe-Cliffside,1145,921,"1,041","1,263",**,1208
2015,Black Creek,1091,836,941,"1,092","1,297",1208
2015,Bradford/West Gwillimbury/New Tecumseth,995,799,880,"1,040","1,381",1208
2015,Brampton (East),1243,811,"1,132","1,279","1,372",1208
2015,Brampton (West),1119,747,"1,003","1,158","1,386",1208
2015,Briar Hill-Belgravia,1200,758,"1,066","1,283","1,609",1208
2015,Broadview North,1078,842,"1,040","1,268",**,1208
2015,Bronte,1319,**,"1,183","1,395",**,1208
2015,Brookhaven-Amesbury,1108,844,947,"1,131","1,376",1208
2015,Cabbagetown-South St. James Town,1255,859,"1,221","1,637",**,1208
2015,Caledon,**,**,**,**,**,1208
2015,Caledonia-Fairbank,969,825,903,"1,052",**,1208
2015,Casa Loma,1665,"1,001","1,345","1,934","3,189",1208
2015,Churchill Meadows/Erin Mills,1269,875,997,"1,181","1,585",1208
2015,Church-Yonge Corridor,1319,"1,056","1,343","1,739",**,1208
2015,Clairlea-Birchmount,1003,847,928,"1,114",**,1208
2015,Clanton Park,1074,813,990,"1,212",**,1208
2015,Clarkson/Lorne Park,1119,838,"1,013","1,160","1,265",1208
2015,Cliffcrest,1058,**,971,"1,085","1,292",1208
2015,Cooksville,1145,837,"1,037","1,232","1,345",1208
2015,Crescent Town,1041,767,950,"1,196","1,453",1208
2015,Danforth Village-East York,979,800,931,"1,143",**,1208
2015,Don Valley Village/Pleasant View,1256,842,"1,082","1,262","1,437",1208
2015,Dorset Park,1054,792,944,"1,088","1,268",1208
2015,Dovercourt/Davenport/Junction,1147,938,"1,066","1,299",**,1208
2015,Downsview,1033,781,903,"1,078","1,295",1208
2015,Dufferin Grove/Little Portugal,1042,688,987,"1,389",**,1208
2015,East End-Danforth,1047,849,990,"1,151",**,1208
2015,East Gwillimbury/Newmarket,1082,696,"1,040","1,169","1,276",1208
2015,Edenbridge-Humber Valley,1175,952,"1,002","1,216","1,753",1208
2015,Eglinton East,1045,874,911,"1,056","1,256",1208
2015,Elms-Old Rexdale,1204,**,974,"1,208","1,344",1208
2015,Englemount-Lawrence,1142,741,998,"1,187","1,480",1208
2015,Eringate-Centennial-West Deane,1176,**,**,"1,162",**,1208
2015,Etobicoke West Mall,1219,**,"1,026","1,235","1,412",1208
2015,Flemingdon Park,1131,**,985,"1,181","1,417",1208
2015,Forest Hill North,1315,919,"1,163","1,461","1,887",1208
2015,Forest Hill South,1238,902,"1,116","1,456",**,1208
2015,Georgina,776,**,760,778,**,1208
2015,Guildwood,**,**,**,**,**,1208
2015,Henry Farm,1329,**,"1,168","1,343","1,545",1208
2015,High Park North/Junction,1371,928,"1,246","1,679","2,088",1208
2015,High Park-Swansea,1251,713,"1,203","1,307",**,1208
2015,Humber Heights-Westmount,1299,**,"1,115","1,339","1,443",1208
2015,Humewood-Cedarvale,1297,843,"1,167","1,645",**,1208
2015,Ionview,1015,798,935,"1,092","1,223",1208
2015,Islington/City Centre North,1291,"1,097","1,213","1,323","1,448",1208
2015,Islington/City Centre South,1176,974,"1,029","1,246","1,324",1208
2015,Keelesdale-Eglinton West,890,826,860,974,**,1208
2015,Kennedy Park,1006,743,919,"1,064",**,1208
2015,Kensington-Chinatown,1380,**,**,**,**,1208
2015,Kingsview Village-The Westway,1171,**,"1,023","1,193","1,374",1208
2015,Kingsway South,**,**,**,**,**,1208
2015,Lambton Baby Point,1051,751,954,"1,171",**,1208
2015,L'Amoreaux/Steeles/Milliken,1133,**,"1,027","1,193","1,383",1208
2015,Lansing-Westgate,1329,**,"1,224","1,393","1,531",1208
2015,Lawrence Park North,1435,938,"1,221","1,753",**,1208
2015,Lawrence Park South,1351,939,"1,237","1,565",**,1208
2015,Leaside-Bennington,1258,885,"1,160","1,449",**,1208
2015,Little Italy/Trinity-Bellwoods,1397,773,"1,042","1,614",**,1208
2015,Long Branch,949,689,890,"1,034",**,1208
2015,Malton,1088,**,852,"1,133","1,203",1208
2015,Maple Leaf,1065,790,988,"1,098","1,268",1208
2015,Markham,1197,**,"1,092","1,257","1,401",1208
2015,Meadowvale,1362,**,"1,227","1,398","1,524",1208
2015,Milton/Halton Hills,1095,723,996,"1,151","1,433",1208
2015,Mimico,981,770,961,"1,081","1,554",1208
2015,Mississauga Centre/Streetsville,1257,842,"1,106","1,277","1,497",1208
2015,Moore Park,1576,"1,125","1,440","2,073",**,1208
2015,Morningside,1018,**,927,"1,043","1,239",1208
2015,Moss Park/Regent Park,1102,796,"1,100","1,469",**,1208
2015,Mount Dennis,1064,756,992,"1,099",**,1208
2015,Mount Olive-Silverstone-Jamestown/Thistletown,1160,**,996,"1,129","1,254",1208
2015,Mount Pleasant East,1305,982,"1,225","1,545","1,876",1208
2015,Mount Pleasant West,1337,"1,019","1,294","1,656","2,115",1208
2015,New Toronto,856,**,807,968,**,1208
2015,North St. James Town,1143,908,"1,156","1,295",**,1208
2015,Oakridge,**,**,**,**,**,1208
2015,Oakville (excl. Bronte),1297,933,"1,151","1,340","1,544",1208
2015,Oakwood-Vaughan,971,740,937,"1,157",**,1208
2015,O'Connor-Parkview,1093,812,937,"1,169","1,479",1208
2015,Old East York,1000,837,960,"1,153",**,1208
2015,Orangeville/Mono,990,**,923,"1,048","1,130",1208
2015,Parkwoods-Donalda,1237,913,"1,056","1,237","1,463",1208
2015,Playter Estates-Danforth,1159,911,"1,108","1,385",**,1208
2015,Port Credit,1145,820,"1,032","1,224","1,474",1208
2015,Princess-Rosethorn,**,**,**,**,**,1208
2015,Rexdale-Kipling,1071,679,927,"1,039","1,212",1208
2015,Richmond Hill/Vaughan/King,1262,900,"1,148","1,343","1,538",1208
2015,Riverdale,**,**,**,**,**,1208
2015,Rockcliffe-Smythe,966,747,872,"1,042","1,096",1208
2015,Roncesvalles,1226,**,"1,067","1,440",**,1208
2015,Rosedale,**,**,"1,422","2,095",**,1208
2015,Rouge,1088,**,**,"1,079","1,212",1208
2015,Rustic/Pelmo Park/Humberlea,1025,**,904,"1,076",**,1208
2015,Scarborough Village,1064,**,945,"1,065","1,264",1208
2015,South Parkdale/King West,1038,867,"1,037","1,224",**,1208
2015,St. Andrew-Windfields,1371,823,"1,131","1,362","1,758",1208
2015,Stonegate-Queensway,1029,852,972,"1,084",**,1208
2015,Tam O'Shanter-Sullivan,1116,847,"1,010","1,148","1,361",1208
2015,The Beaches,1232,890,"1,131","1,513","1,923",1208
2015,Thorncliffe Park,1214,904,"1,030","1,298","1,709",1208
2015,University/Annex,1436,"1,068","1,403","1,973",**,1208
2015,Uxbridge,1117,**,"1,016","1,195",**,1208
2015,Victoria Village,1104,849,"1,004","1,187","1,424",1208
2015,Waterfront Communities -The Island,1676,**,"1,583","1,791",**,1208
2015,West Hill,1052,765,933,"1,060","1,178",1208
2015,West Humber-Clairville,1137,737,891,"1,056","1,469",1208
2015,Westminster-Branson,1299,867,"1,129","1,333","1,490",1208
2015,Weston,1045,791,970,"1,148","1,283",1208
2015,Wexford-Maryvale,993,796,917,"1,078","1,165",1208
2015,Whitchurch/Stouffville,1098,**,"1,080","1,107",**,1208
2015,Willowdale East/Newtonbrook East,1709,**,"1,425","1,785","2,318",1208
2015,Willowdale West/Newtonbrook West,1298,**,"1,175","1,346","1,577",1208
2015,Willowridge-Martingrove-Richview,1458,**,"1,144","1,468","1,681",1208
2015,Woburn,1103,818,"1,002","1,116","1,255",1208
2015,Woodbine Corridor/Greenwood-Coxwell,1087,**,"1,042","1,262",**,1208
2015,Woodbine-Lumsden,**,**,**,**,**,1208
2015,Wychwood,1039,769,"1,133",**,**,1208
2015,Yonge-Eglinton,1278,"1,001","1,216","1,616",**,1208
2015,Yonge-St. Clair,1431,"1,029","1,304","1,801",**,1208
2015,Yorkdale-Glen Park,1123,**,"1,030","1,209",**,1208
2015,Toronto,1208,937,"1,103","1,286","1,516",1208
2014,Agincourt/Malvern,1140,**,993,"1,119","1,337",1170
2014,Ajax/Pickering,1142,**,880,"1,094","1,254",1170
2014,Alderwood,1060,**,774,"1,172",**,1170
2014,Aurora,1214,**,"1,036","1,228",**,1170
2014,Banbury-Don Mills/York Mills,1200,730,"1,056","1,265","1,620",1170
2014,Bathurst Manor,1156,802,"1,035","1,158","1,383",1170
2014,Bay Street Corridor,1752,"1,244","1,602","2,162",**,1170
2014,Bayview Village,1330,**,"1,176","1,413",**,1170
2014,Bayview Woods-Steeles/Hillcrest Village,**,**,**,**,**,1170
2014,Bedford Park-Nortown,1201,822,"1,047","1,384","1,876",1170
2014,Beechborough-Greenbrook,940,718,847,"1,020",**,1170
2014,Bendale,1063,781,906,"1,051","1,176",1170
2014,Birchcliffe-Cliffside,1055,824,"1,006","1,119",**,1170
2014,Black Creek,1071,**,912,"1,066","1,288",1170
2014,Bradford/West Gwillimbury/New Tecumseth,979,794,880,"1,020","1,325",1170
2014,Brampton (East),1258,"1,005","1,162","1,278","1,353",1170
2014,Brampton (West),1103,745,961,"1,128","1,388",1170
2014,Briar Hill-Belgravia,1045,690,929,"1,211",**,1170
2014,Broadview North,1029,839,980,"1,212",**,1170
2014,Bronte,1289,**,"1,159","1,360",**,1170
2014,Brookhaven-Amesbury,1009,721,876,"1,025","1,292",1170
2014,Cabbagetown-South St. James Town,1230,838,"1,173","1,659",**,1170
2014,Caledon,1003,**,977,"1,017",**,1170
2014,Caledonia-Fairbank,960,795,888,"1,040",**,1170
2014,Casa Loma,1671,950,"1,299","1,886","3,081",1170
2014,Churchill Meadows/Erin Mills,1215,868,968,"1,144","1,533",1170
2014,Church-Yonge Corridor,1307,"1,041","1,315","1,675",**,1170
2014,Clairlea-Birchmount,957,830,894,"1,042",**,1170
2014,Clanton Park,977,743,914,"1,098",**,1170
2014,Clarkson/Lorne Park,1117,845,"1,024","1,148","1,262",1170
2014,Cliffcrest,1024,755,923,"1,070","1,277",1170
2014,Cooksville,1098,788,"1,000","1,173","1,338",1170
2014,Crescent Town,995,766,918,"1,122","1,372",1170
2014,Danforth Village-East York,969,809,907,"1,117",**,1170
2014,Don Valley Village/Pleasant View,1205,791,"1,035","1,192","1,406",1170
2014,Dorset Park,1054,768,921,"1,085","1,254",1170
2014,Dovercourt/Davenport/Junction,1143,865,"1,010","1,300",**,1170
2014,Downsview,1009,756,876,"1,059","1,272",1170
2014,Dufferin Grove/Little Portugal,984,863,"1,005",**,**,1170
2014,East End-Danforth,1026,768,"1,008","1,131",**,1170
2014,East Gwillimbury/Newmarket,1052,703,"1,026","1,114","1,207",1170
2014,Edenbridge-Humber Valley,1151,972,965,"1,201","1,615",1170
2014,Eglinton East,1024,851,890,"1,033","1,182",1170
2014,Elms-Old Rexdale,1156,**,910,"1,131","1,313",1170
2014,Englemount-Lawrence,1121,692,954,"1,170","1,465",1170
2014,Eringate-Centennial-West Deane,1191,**,**,"1,144","1,396",1170
2014,Etobicoke West Mall,1214,**,"1,031","1,214","1,395",1170
2014,Flemingdon Park,1102,**,945,"1,165","1,410",1170
2014,Forest Hill North,1299,878,"1,127","1,464","1,994",1170
2014,Forest Hill South,1297,897,"1,125","1,524",**,1170
2014,Georgina,920,**,786,931,**,1170
2014,Guildwood,1179,**,**,**,"1,533",1170
2014,Henry Farm,1288,**,"1,148","1,290","1,500",1170
2014,High Park North/Junction,1308,939,"1,240","1,630","2,065",1170
2014,High Park-Swansea,1259,790,"1,094","1,404",**,1170
2014,Humber Heights-Westmount,1173,**,"1,049","1,200",**,1170
2014,Humewood-Cedarvale,1283,809,"1,107","1,665",**,1170
2014,Ionview,978,760,897,"1,041","1,285",1170
2014,Islington/City Centre North,1287,"1,161","1,215","1,349","1,370",1170
2014,Islington/City Centre South,1153,957,984,"1,218","1,272",1170
2014,Keelesdale-Eglinton West,849,**,801,970,**,1170
2014,Kennedy Park,945,700,884,978,"1,135",1170
2014,Kensington-Chinatown,1326,"1,066","1,285","1,677",**,1170
2014,Kingsview Village-The Westway,1127,810,"1,002","1,147","1,326",1170
2014,Kingsway South,1261,950,"1,162","1,364",**,1170
2014,Lambton Baby Point,967,683,977,968,**,1170
2014,L'Amoreaux/Steeles/Milliken,1108,**,992,"1,159","1,312",1170
2014,Lansing-Westgate,1197,**,"1,072","1,248","1,472",1170
2014,Lawrence Park North,1200,850,"1,143","1,465",**,1170
2014,Lawrence Park South,1277,922,"1,178","1,518",**,1170
2014,Leaside-Bennington,1218,868,"1,116","1,397",**,1170
2014,Little Italy/Trinity-Bellwoods,1370,**,"1,062","1,550",**,1170
2014,Long Branch,923,**,868,991,**,1170
2014,Malton,1008,**,839,**,**,1170
2014,Maple Leaf,1023,799,906,"1,065","1,328",1170
2014,Markham,1145,**,"1,031","1,191","1,617",1170
2014,Meadowvale,1324,**,"1,193","1,380","1,458",1170
2014,Milton/Halton Hills,1062,711,963,"1,121","1,420",1170
2014,Mimico,946,749,894,"1,049","1,498",1170
2014,Mississauga Centre/Streetsville,1233,838,"1,095","1,244","1,469",1170
2014,Moore Park,1638,**,"1,421","1,907",**,1170
2014,Morningside,958,**,879,981,"1,161",1170
2014,Moss Park/Regent Park,954,705,939,"1,363",**,1170
2014,Mount Dennis,1053,729,938,"1,120",**,1170
2014,Mount Olive-Silverstone-Jamestown/Thistletown,1137,**,955,"1,081","1,256",1170
2014,Mount Pleasant East,1252,924,"1,197","1,504",**,1170
2014,Mount Pleasant West,1275,974,"1,243","1,573","1,975",1170
2014,New Toronto,879,**,801,967,**,1170
2014,North St. James Town,1146,939,"1,130","1,277",**,1170
2014,Oakridge,**,**,**,**,**,1170
2014,Oakville (excl. Bronte),1264,918,"1,122","1,299","1,490",1170
2014,Oakwood-Vaughan,941,729,894,"1,110",**,1170
2014,O'Connor-Parkview,1039,735,903,"1,122","1,433",1170
2014,Old East York,980,724,930,"1,145",**,1170
2014,Orangeville/Mono,994,865,934,"1,048","1,072",1170
2014,Parkwoods-Donalda,1185,787,"1,002","1,184","1,407",1170
2014,Playter Estates-Danforth,1123,819,"1,111","1,464",**,1170
2014,Port Credit,1074,785,981,"1,140","1,406",1170
2014,Princess-Rosethorn,**,**,**,**,**,1170
2014,Rexdale-Kipling,985,634,872,995,"1,088",1170
2014,Richmond Hill/Vaughan/King,1207,877,"1,081","1,297","1,521",1170
2014,Riverdale,1134,853,"1,110","1,400",**,1170
2014,Rockcliffe-Smythe,959,710,888,"1,021","1,198",1170
2014,Roncesvalles,942,**,889,**,**,1170
2014,Rosedale,1869,**,"1,479","1,951",**,1170
2014,Rouge,1068,**,**,"1,057","1,192",1170
2014,Rustic/Pelmo Park/Humberlea,1012,**,904,"1,048","1,302",1170
2014,Scarborough Village,1010,**,898,"1,022","1,167",1170
2014,South Parkdale/King West,925,738,945,"1,161",**,1170
2014,St. Andrew-Windfields,1297,799,"1,073","1,291","1,649",1170
2014,Stonegate-Queensway,1013,849,926,"1,072",**,1170
2014,Tam O'Shanter-Sullivan,1078,819,976,"1,113","1,325",1170
2014,The Beaches,1139,815,"1,044","1,439",**,1170
2014,Thorncliffe Park,1190,846,"1,012","1,270","1,681",1170
2014,University/Annex,1406,959,"1,305","1,855",**,1170
2014,Uxbridge,1094,**,981,"1,179",**,1170
2014,Victoria Village,936,741,863,"1,024",**,1170
2014,Waterfront Communities -The Island,2026,**,"1,699","2,458",**,1170
2014,West Hill,1008,769,892,994,"1,184",1170
2014,West Humber-Clairville,1029,735,892,"1,014",**,1170
2014,Westminster-Branson,1216,844,"1,052","1,248","1,409",1170
2014,Weston,1041,793,971,"1,143",**,1170
2014,Wexford-Maryvale,968,772,893,"1,034","1,157",1170
2014,Whitchurch/Stouffville,1080,**,"1,050","1,101",**,1170
2014,Willowdale East/Newtonbrook East,1527,**,"1,342","1,659","2,113",1170
2014,Willowdale West/Newtonbrook West,1245,**,"1,131","1,314","1,516",1170
2014,Willowridge-Martingrove-Richview,1397,**,"1,110","1,418","1,609",1170
2014,Woburn,1050,758,938,"1,061","1,218",1170
2014,Woodbine Corridor/Greenwood-Coxwell,950,**,917,"1,011",**,1170
2014,Woodbine-Lumsden,**,**,**,**,**,1170
2014,Wychwood,1105,807,"1,096",**,**,1170
2014,Yonge-Eglinton,1254,990,"1,215","1,620",**,1170
2014,Yonge-St. Clair,1428,989,"1,264","1,746",**,1170
2014,Yorkdale-Glen Park,1057,**,966,"1,141","1,233",1170
2014,Toronto,1170,896,"1,067","1,251","1,466",1170
2013,Agincourt/Malvern,1182,**,"1,017","1,171","1,392",1138
2013,Ajax/Pickering,1110,**,819,"1,027","1,247",1138
2013,Alderwood,1047,**,803,"1,146",**,1138
2013,Aurora,1144,**,"1,002","1,190","1,329",1138
2013,Banbury-Don Mills/York Mills,1001,700,924,"1,084","1,157",1138
2013,Bathurst Manor,1181,732,"1,035","1,211","1,401",1138
2013,Bay Street Corridor,2048,"1,314","1,872","2,289","5,315",1138
2013,Bayview Village,1449,**,"1,200","1,448",**,1138
2013,Bayview Woods-Steeles/Hillcrest Village,1920,**,"1,541","1,901","2,193",1138
2013,Bedford Park-Nortown,1019,810,931,"1,145",**,1138
2013,Beechborough-Greenbrook,886,717,821,953,**,1138
2013,Bendale,1062,761,915,"1,056","1,185",1138
2013,Birchcliffe-Cliffside,978,803,896,"1,053",**,1138
2013,Black Creek,1043,743,895,"1,031","1,273",1138
2013,Bradford/West Gwillimbury/New Tecumseth,962,779,865,"1,009","1,186",1138
2013,Brampton (East),1184,871,"1,074","1,204","1,331",1138
2013,Brampton (West),1076,693,963,"1,101","1,346",1138
2013,Briar Hill-Belgravia,1126,730,981,"1,230","1,473",1138
2013,Broadview North,1007,812,961,"1,190",**,1138
2013,Bronte,1237,**,"1,126","1,299",**,1138
2013,Brookhaven-Amesbury,989,716,859,"1,037","1,268",1138
2013,Cabbagetown-South St. James Town,1187,857,"1,153",**,**,1138
2013,Caledon,**,**,**,**,**,1138
2013,Caledonia-Fairbank,913,709,860,"1,012",**,1138
2013,Casa Loma,1472,895,"1,186","1,683","2,805",1138
2013,Churchill Meadows/Erin Mills,1210,818,934,"1,102","1,491",1138
2013,Church-Yonge Corridor,1209,973,"1,221","1,611",**,1138
2013,Clairlea-Birchmount,932,810,874,"1,015","1,250",1138
2013,Clanton Park,915,740,871,"1,017",**,1138
2013,Clarkson/Lorne Park,1113,803,"1,013","1,146","1,261",1138
2013,Cliffcrest,1011,**,928,"1,034","1,257",1138
2013,Cooksville,1077,793,981,"1,153","1,281",1138
2013,Crescent Town,970,742,898,"1,076","1,339",1138
2013,Danforth Village-East York,948,709,897,"1,064",**,1138
2013,Don Valley Village/Pleasant View,1184,836,"1,032","1,183","1,345",1138
2013,Dorset Park,997,776,893,"1,023","1,176",1138
2013,Dovercourt/Davenport/Junction,1017,**,824,"1,310",**,1138
2013,Downsview,966,697,854,"1,008","1,205",1138
2013,Dufferin Grove/Little Portugal,960,716,954,"1,328",**,1138
2013,East End-Danforth,1014,750,984,"1,181",**,1138
2013,East Gwillimbury/Newmarket,1009,741,975,"1,054","1,259",1138
2013,Edenbridge-Humber Valley,1146,974,952,"1,183","1,593",1138
2013,Eglinton East,990,830,853,"1,009","1,186",1138
2013,Elms-Old Rexdale,1176,**,913,"1,181","1,283",1138
2013,Englemount-Lawrence,1090,771,946,"1,140","1,403",1138
2013,Eringate-Centennial-West Deane,1122,**,**,"1,111",**,1138
2013,Etobicoke West Mall,1156,**,986,"1,170","1,314",1138
2013,Flemingdon Park,1066,**,938,"1,107","1,370",1138
2013,Forest Hill North,1249,815,"1,084","1,384","1,923",1138
2013,Forest Hill South,1252,883,"1,084","1,516","1,946",1138
2013,Georgina,810,**,750,795,**,1138
2013,Guildwood,1168,**,994,"1,213","1,489",1138
2013,Henry Farm,1217,**,"1,078","1,217","1,461",1138
2013,High Park North/Junction,1247,914,"1,179","1,574","2,079",1138
2013,High Park-Swansea,1110,695,"1,064","1,253",**,1138
2013,Humber Heights-Westmount,1151,**,985,"1,145","1,338",1138
2013,Humewood-Cedarvale,1215,774,"1,064","1,532",**,1138
2013,Ionview,949,756,880,"1,010","1,153",1138
2013,Islington/City Centre North,1229,"1,079","1,143","1,277","1,412",1138
2013,Islington/City Centre South,1142,950,**,"1,202",**,1138
2013,Keelesdale-Eglinton West,847,704,810,908,**,1138
2013,Kennedy Park,933,745,871,994,**,1138
2013,Kensington-Chinatown,1394,**,**,"1,723",**,1138
2013,Kingsview Village-The Westway,1093,**,959,"1,112","1,303",1138
2013,Kingsway South,1283,850,"1,097","1,434",**,1138
2013,Lambton Baby Point,927,682,921,972,**,1138
2013,L'Amoreaux/Steeles/Milliken,1115,**,"1,001","1,166","1,307",1138
2013,Lansing-Westgate,1273,**,"1,155","1,343","1,499",1138
2013,Lawrence Park North,1202,845,"1,064","1,467",**,1138
2013,Lawrence Park South,1337,921,"1,198","1,646",**,1138
2013,Leaside-Bennington,1180,814,"1,036","1,419","1,910",1138
2013,Little Italy/Trinity-Bellwoods,**,730,**,"1,202",**,1138
2013,Long Branch,901,**,852,977,**,1138
2013,Malton,1058,**,813,"1,102","1,155",1138
2013,Maple Leaf,978,777,873,"1,029","1,271",1138
2013,Markham,1128,773,"1,029","1,183","1,333",1138
2013,Meadowvale,1306,**,"1,181","1,343","1,426",1138
2013,Milton/Halton Hills,1030,703,929,"1,090","1,377",1138
2013,Mimico,950,725,886,"1,047","1,480",1138
2013,Mississauga Centre/Streetsville,1197,842,"1,050","1,200","1,451",1138
2013,Moore Park,1439,"1,003","1,307","1,876",**,1138
2013,Morningside,962,**,868,986,"1,191",1138
2013,Moss Park/Regent Park,959,713,947,"1,326",**,1138
2013,Mount Dennis,940,758,848,984,**,1138
2013,Mount Olive-Silverstone-Jamestown/Thistletown,1097,**,947,"1,085","1,194",1138
2013,Mount Pleasant East,1201,876,"1,137","1,454","1,644",1138
2013,Mount Pleasant West,1262,969,"1,223","1,568","2,093",1138
2013,New Toronto,886,**,829,989,**,1138
2013,North St. James Town,1057,867,993,"1,218","1,547",1138
2013,Oakridge,964,768,917,"1,122",**,1138
2013,Oakville (excl. Bronte),1221,891,"1,091","1,269","1,427",1138
2013,Oakwood-Vaughan,924,724,863,"1,103",**,1138
2013,O'Connor-Parkview,998,**,844,"1,076","1,420",1138
2013,Old East York,937,708,891,"1,114",**,1138
2013,Orangeville/Mono,946,784,891,"1,000","1,026",1138
2013,Parkwoods-Donalda,1177,801,990,"1,173","1,408",1138
2013,Playter Estates-Danforth,1107,839,"1,081","1,408",**,1138
2013,Port Credit,1024,769,927,"1,078","1,358",1138
2013,Princess-Rosethorn,**,**,**,**,**,1138
2013,Rexdale-Kipling,1023,628,865,"1,013","1,181",1138
2013,Richmond Hill/Vaughan/King,1160,870,"1,046","1,235","1,463",1138
2013,Riverdale,1028,801,"1,017","1,135",**,1138
2013,Rockcliffe-Smythe,925,694,850,"1,002","1,201",1138
2013,Roncesvalles,**,**,**,**,**,1138
2013,Rosedale,1903,**,"1,375","1,785",**,1138
2013,Rouge,1061,**,**,"1,069","1,199",1138
2013,Rustic/Pelmo Park/Humberlea,1030,**,916,"1,052","1,283",1138
2013,Scarborough Village,1002,**,891,"1,011","1,134",1138
2013,South Parkdale/King West,927,752,951,"1,131",**,1138
2013,St. Andrew-Windfields,1306,815,"1,077","1,272","1,763",1138
2013,Stonegate-Queensway,963,785,913,"1,022",**,1138
2013,Tam O'Shanter-Sullivan,1075,813,968,"1,109","1,310",1138
2013,The Beaches,1161,775,"1,075","1,385",**,1138
2013,Thorncliffe Park,1186,836,"1,007","1,262","1,657",1138
2013,University/Annex,1417,"1,045","1,324","1,794",**,1138
2013,Uxbridge,1273,**,982,"1,440","1,799",1138
2013,Victoria Village,1034,729,932,"1,121","1,410",1138
2013,Waterfront Communities -The Island,1803,**,"1,524","2,275",**,1138
2013,West Hill,977,**,885,987,"1,059",1138
2013,West Humber-Clairville,1039,779,871,996,**,1138
2013,Westminster-Branson,1232,800,"1,056","1,251","1,410",1138
2013,Weston,948,731,851,"1,080","1,335",1138
2013,Wexford-Maryvale,955,765,877,"1,021","1,201",1138
2013,Whitchurch/Stouffville,1030,**,"1,002","1,050",**,1138
2013,Willowdale East/Newtonbrook East,1685,**,"1,429","1,710","2,258",1138
2013,Willowdale West/Newtonbrook West,1204,**,"1,053","1,282","1,524",1138
2013,Willowridge-Martingrove-Richview,1381,**,"1,095","1,403","1,603",1138
2013,Woburn,1008,780,908,"1,026","1,169",1138
2013,Woodbine Corridor/Greenwood-Coxwell,917,692,922,"1,129",**,1138
2013,Woodbine-Lumsden,1050,**,951,"1,130",**,1138
2013,Wychwood,974,784,959,**,**,1138
2013,Yonge-Eglinton,1249,963,"1,171","1,630",**,1138
2013,Yonge-St. Clair,1364,954,"1,216","1,664","2,795",1138
2013,Yorkdale-Glen Park,982,**,860,997,**,1138
2013,Toronto,1138,873,"1,032","1,211","1,461",1138
2012,Agincourt/Malvern,1158,**,988,"1,148","1,351",1108
2012,Ajax/Pickering,1116,**,**,"1,050","1,178",1108
2012,Alderwood,1133,**,938,"1,155",**,1108
2012,Aurora,1102,**,989,"1,156",**,1108
2012,Banbury-Don Mills/York Mills,1131,828,991,"1,189","1,572",1108
2012,Bathurst Manor,1111,**,990,"1,126","1,282",1108
2012,Bay Street Corridor,1945,"1,280","1,763","2,262","4,500",1108
2012,Bayview Village,1398,**,"1,181","1,409",**,1108
2012,Bayview Woods-Steeles/Hillcrest Village,**,**,**,**,**,1108
2012,Bedford Park-Nortown,1097,766,951,"1,274","1,655",1108
2012,Beechborough-Greenbrook,878,716,801,951,**,1108
2012,Bendale,990,720,873,985,"1,109",1108
2012,Birchcliffe-Cliffside,1003,754,931,"1,094",**,1108
2012,Black Creek,1013,743,873,"1,004","1,219",1108
2012,Bradford/West Gwillimbury/New Tecumseth,955,742,855,"1,008","1,258",1108
2012,Brampton (East),1157,843,"1,051","1,180","1,308",1108
2012,Brampton (West),1050,718,943,"1,081","1,276",1108
2012,Briar Hill-Belgravia,1072,670,964,"1,148","1,325",1108
2012,Broadview North,966,763,918,"1,144",**,1108
2012,Bronte,1217,**,"1,113","1,272",**,1108
2012,Brookhaven-Amesbury,952,709,839,989,"1,260",1108
2012,Cabbagetown-South St. James Town,1136,776,"1,094",**,**,1108
2012,Caledon,**,**,**,**,**,1108
2012,Caledonia-Fairbank,904,763,847,979,**,1108
2012,Casa Loma,1390,888,"1,168","1,557","2,715",1108
2012,Churchill Meadows/Erin Mills,1180,813,930,"1,087","1,416",1108
2012,Church-Yonge Corridor,1214,940,"1,216","1,611",**,1108
2012,Clairlea-Birchmount,948,**,879,991,"1,193",1108
2012,Clanton Park,986,751,915,"1,098","1,250",1108
2012,Clarkson/Lorne Park,1107,790,985,"1,146","1,345",1108
2012,Cliffcrest,996,770,912,"1,025","1,248",1108
2012,Cooksville,1060,769,970,"1,127","1,254",1108
2012,Crescent Town,944,736,863,"1,071","1,312",1108
2012,Danforth Village-East York,913,691,853,"1,035",**,1108
2012,Don Valley Village/Pleasant View,1120,851,956,"1,131","1,286",1108
2012,Dorset Park,983,746,877,"1,017","1,172",1108
2012,Dovercourt/Davenport/Junction,1104,**,843,"1,238",**,1108
2012,Downsview,946,679,841,988,"1,172",1108
2012,Dufferin Grove/Little Portugal,1059,737,"1,039",**,**,1108
2012,East End-Danforth,975,767,936,"1,105",**,1108
2012,East Gwillimbury/Newmarket,980,615,951,"1,030","1,276",1108
2012,Edenbridge-Humber Valley,1018,741,896,"1,054","1,522",1108
2012,Eglinton East,981,812,843,"1,004","1,165",1108
2012,Elms-Old Rexdale,1159,**,954,"1,146","1,253",1108
2012,Englemount-Lawrence,1128,730,956,"1,147","1,441",1108
2012,Eringate-Centennial-West Deane,1099,**,**,"1,107",**,1108
2012,Etobicoke West Mall,1151,**,976,"1,130","1,400",1108
2012,Flemingdon Park,1036,**,899,"1,079","1,350",1108
2012,Forest Hill North,1205,807,"1,040","1,339","1,769",1108
2012,Forest Hill South,1204,816,"1,077","1,408",**,1108
2012,Georgina,846,**,726,856,**,1108
2012,Guildwood,1127,**,994,"1,144","1,409",1108
2012,Henry Farm,1120,**,994,"1,115","1,357",1108
2012,High Park North/Junction,1300,945,"1,203","1,560","1,929",1108
2012,High Park-Swansea,1040,715,979,"1,259",**,1108
2012,Humber Heights-Westmount,**,**,**,**,**,1108
2012,Humewood-Cedarvale,1141,759,"1,012","1,417","2,326",1108
2012,Ionview,932,745,860,999,"1,199",1108
2012,Islington/City Centre North,1134,882,"1,012","1,186","1,370",1108
2012,Islington/City Centre South,1087,754,**,"1,159",**,1108
2012,Keelesdale-Eglinton West,835,684,777,906,**,1108
2012,Kennedy Park,906,642,828,949,"1,095",1108
2012,Kensington-Chinatown,1271,961,"1,181","1,637",**,1108
2012,Kingsview Village-The Westway,1105,749,972,"1,110","1,346",1108
2012,Kingsway South,**,**,**,**,**,1108
2012,Lambton Baby Point,919,701,918,946,**,1108
2012,L'Amoreaux/Steeles/Milliken,1062,**,950,"1,106","1,241",1108
2012,Lansing-Westgate,1221,**,"1,116","1,279","1,427",1108
2012,Lawrence Park North,1150,802,"1,026","1,430",**,1108
2012,Lawrence Park South,1185,860,"1,122","1,487",**,1108
2012,Leaside-Bennington,1118,792,997,"1,335","1,642",1108
2012,Little Italy/Trinity-Bellwoods,**,714,971,**,**,1108
2012,Long Branch,831,620,779,910,**,1108
2012,Malton,1049,**,863,"1,081","1,117",1108
2012,Maple Leaf,910,682,832,945,"1,148",1108
2012,Markham,1097,716,986,"1,149","1,518",1108
2012,Meadowvale,1258,**,"1,138","1,281","1,414",1108
2012,Milton/Halton Hills,1019,703,920,"1,073","1,326",1108
2012,Mimico,920,717,869,"1,052","1,421",1108
2012,Mississauga Centre/Streetsville,1160,766,"1,025","1,166","1,395",1108
2012,Moore Park,1425,851,"1,340","1,915",**,1108
2012,Morningside,951,**,865,978,"1,137",1108
2012,Moss Park/Regent Park,971,704,916,"1,353",**,1108
2012,Mount Dennis,946,719,872,968,"1,187",1108
2012,Mount Olive-Silverstone-Jamestown/Thistletown,1054,**,932,"1,018","1,176",1108
2012,Mount Pleasant East,1100,821,"1,043","1,261","1,626",1108
2012,Mount Pleasant West,1195,913,"1,149","1,507","2,024",1108
2012,New Toronto,854,**,790,969,**,1108
2012,North St. James Town,1023,846,971,"1,195","1,456",1108
2012,Oakridge,959,777,911,"1,114",**,1108
2012,Oakville (excl. Bronte),1205,861,"1,070","1,244","1,400",1108
2012,Oakwood-Vaughan,888,667,843,"1,086",**,1108
2012,O'Connor-Parkview,945,696,836,"1,023","1,264",1108
2012,Old East York,928,723,903,"1,047",**,1108
2012,Orangeville/Mono,920,769,855,977,"1,042",1108
2012,Parkwoods-Donalda,1153,775,950,"1,145","1,388",1108
2012,Playter Estates-Danforth,1063,789,"1,027","1,396",**,1108
2012,Port Credit,1010,761,919,"1,067","1,334",1108
2012,Princess-Rosethorn,**,**,**,**,**,1108
2012,Rexdale-Kipling,935,626,815,943,"1,040",1108
2012,Richmond Hill/Vaughan/King,1145,827,"1,019","1,236","1,453",1108
2012,Riverdale,1006,796,999,"1,076",**,1108
2012,Rockcliffe-Smythe,914,670,836,992,"1,149",1108
2012,Roncesvalles,972,744,937,"1,319",**,1108
2012,Rosedale,**,**,"1,320","1,657",**,1108
2012,Rouge,1057,**,**,"1,074","1,175",1108
2012,Rustic/Pelmo Park/Humberlea,1001,**,888,"1,029","1,295",1108
2012,Scarborough Village,960,**,853,958,"1,121",1108
2012,South Parkdale/King West,877,688,895,"1,090",**,1108
2012,St. Andrew-Windfields,1219,760,"1,017","1,213","1,534",1108
2012,Stonegate-Queensway,956,720,860,"1,013",**,1108
2012,Tam O'Shanter-Sullivan,1048,817,946,"1,082","1,268",1108
2012,The Beaches,1035,752,955,"1,259",**,1108
2012,Thorncliffe Park,1171,817,998,"1,241","1,655",1108
2012,University/Annex,1426,991,"1,303","1,859","2,966",1108
2012,Uxbridge,1090,**,952,"1,179",**,1108
2012,Victoria Village,975,705,894,"1,057","1,198",1108
2012,Waterfront Communities -The Island,1740,**,"1,480","2,174",**,1108
2012,West Hill,967,**,859,970,"1,075",1108
2012,West Humber-Clairville,1049,761,880,"1,007","1,305",1108
2012,Westminster-Branson,1172,776,"1,002","1,196","1,368",1108
2012,Weston,951,718,877,"1,080","1,233",1108
2012,Wexford-Maryvale,925,754,859,991,"1,118",1108
2012,Whitchurch/Stouffville,997,**,959,"1,025",**,1108
2012,Willowdale East/Newtonbrook East,1460,**,"1,251","1,583","2,066",1108
2012,Willowdale West/Newtonbrook West,1169,**,"1,051","1,246","1,425",1108
2012,Willowridge-Martingrove-Richview,1358,**,"1,047","1,387","1,609",1108
2012,Woburn,979,746,886,995,"1,120",1108
2012,Woodbine Corridor/Greenwood-Coxwell,811,678,842,966,**,1108
2012,Woodbine-Lumsden,978,779,916,"1,081",**,1108
2012,Wychwood,**,668,"1,016",**,**,1108
2012,Yonge-Eglinton,1208,903,"1,158","1,577",**,1108
2012,Yonge-St. Clair,1293,931,"1,196","1,551",**,1108
2012,Yorkdale-Glen Park,1034,**,959,"1,109","1,166",1108
2012,Toronto,1108,837,"1,007","1,183","1,411",1108
2011,Agincourt/Malvern,1107,**,940,"1,100","1,318",1073
2011,Ajax/Pickering,1096,**,914,"1,035","1,155",1073
2011,Alderwood,1084,**,914,"1,105",**,1073
2011,Aurora,1078,**,930,"1,094",**,1073
2011,Banbury-Don Mills/York Mills,977,801,903,"1,050","1,324",1073
2011,Bathurst Manor,1081,644,966,"1,098","1,266",1073
2011,Bay Street Corridor,1876,"1,203","1,624","2,271","4,546",1073
2011,Bayview Village,1381,**,"1,147","1,380",**,1073
2011,Bayview Woods-Steeles/Hillcrest Village,**,**,**,**,**,1073
2011,Bedford Park-Nortown,950,772,868,"1,109","1,318",1073
2011,Beechborough-Greenbrook,882,651,775,973,**,1073
2011,Bendale East,933,708,836,**,"1,175",1073
2011,Bendale West,963,**,850,953,"1,053",1073
2011,Birchcliffe-Cliffside,979,779,912,"1,101",**,1073
2011,Black Creek,973,709,842,973,"1,169",1073
2011,Bradford/West Gwillimbury/New Tecumseth,929,673,838,977,"1,102",1073
2011,Brampton (East),1124,833,"1,019","1,144","1,266",1073
2011,Brampton (West),1008,703,915,"1,050","1,183",1073
2011,Briar Hill-Belgravia,1037,673,921,"1,144","1,362",1073
2011,Broadview North,940,756,886,"1,123",**,1073
2011,Bronte,1158,**,"1,065","1,220",**,1073
2011,Brookhaven-Amesbury,936,677,822,973,"1,209",1073
2011,Cabbagetown-South St. James Town,1065,698,"1,019","1,552",**,1073
2011,Caledon,**,**,**,**,**,1073
2011,Caledonia-Fairbank,822,681,776,957,**,1073
2011,Casa Loma,1492,857,"1,159","1,697","2,554",1073
2011,Churchill Meadows/Erin Mills,1141,768,912,"1,061","1,400",1073
2011,Church-Yonge Corridor,1150,893,"1,154","1,534",**,1073
2011,Clairlea-Birchmount,920,675,849,957,"1,138",1073
2011,Clanton Park,892,662,840,"1,027",**,1073
2011,Clarkson/Lorne Park,1075,806,972,"1,114","1,305",1073
2011,Cliffcrest East,**,**,**,**,**,1073
2011,Cliffcrest West,983,757,906,"1,008","1,225",1073
2011,Cooksville,1047,723,947,"1,119","1,251",1073
2011,Crescent Town,935,716,855,"1,058","1,298",1073
2011,Danforth Village-East York,891,686,827,"1,013",**,1073
2011,Don Valley Village/Pleasant View,1106,785,943,"1,093","1,304",1073
2011,Dorset Park,979,**,868,994,"1,101",1073
2011,Dovercourt/Davenport/Junction,865,575,830,"1,066",**,1073
2011,Downsview,920,659,813,963,"1,153",1073
2011,Dufferin Grove/Little Portugal,977,653,979,"1,462",**,1073
2011,East End-Danforth,967,751,884,"1,138",**,1073
2011,East Gwillimbury/Newmarket,968,677,938,"1,019","1,199",1073
2011,Edenbridge-Humber Valley,1073,**,885,"1,089","1,562",1073
2011,Eglinton East (East),**,**,**,**,**,1073
2011,Eglinton East (West),968,759,847,985,"1,131",1073
2011,Elms-Old Rexdale,1148,**,"1,005","1,090","1,302",1073
2011,Englemount-Lawrence,1075,722,899,"1,110","1,428",1073
2011,Eringate-Centennial-West Deane,1021,**,**,"1,047","1,181",1073
2011,Etobicoke West Mall,1117,**,955,"1,110","1,323",1073
2011,Flemingdon Park,1040,**,909,"1,055","1,265",1073
2011,Forest Hill North,1140,800,"1,015","1,240","1,749",1073
2011,Forest Hill South,1218,788,"1,041","1,448","1,827",1073
2011,Georgina,792,**,733,783,879,1073
2011,Guildwood,1033,**,919,"1,053","1,251",1073
2011,Henry Farm,1138,**,997,"1,139","1,313",1073
2011,High Park North/Junction,1151,861,"1,093","1,487","1,963",1073
2011,High Park-Swansea,1008,658,977,"1,099",**,1073
2011,Humber Heights-Westmount,1124,**,**,"1,177",**,1073
2011,Humewood-Cedarvale,1100,780,988,"1,357",**,1073
2011,Ionview,927,716,850,982,"1,190",1073
2011,Islington/City Centre North,1381,**,"1,340","1,452","1,280",1073
2011,Islington/City Centre South,1050,739,**,"1,103",**,1073
2011,Keelesdale-Eglinton West,965,851,943,974,**,1073
2011,Kennedy Park,896,**,817,936,"1,098",1073
2011,Kensington-Chinatown,1078,912,"1,033","1,293",**,1073
2011,Kingsview Village-The Westway,1189,854,"1,026","1,199","1,398",1073
2011,Kingsway South,1119,**,947,"1,184",**,1073
2011,Lambton Baby Point,893,857,871,956,**,1073
2011,L'Amoreaux/Steeles/Milliken,1034,**,937,"1,078","1,213",1073
2011,Lansing-Westgate,1237,**,"1,124","1,294","1,395",1073
2011,Lawrence Park North,1049,828,"1,016","1,152",**,1073
2011,Lawrence Park South,1124,838,"1,039","1,249",**,1073
2011,Leaside-Bennington,1086,800,975,"1,302","1,781",1073
2011,Little Italy/Trinity-Bellwoods,1147,721,"1,025","1,436",**,1073
2011,Long Branch,849,614,795,937,**,1073
2011,Malton,1004,**,834,"1,026","1,077",1073
2011,Maple Leaf,913,706,830,954,**,1073
2011,Markham,1078,**,985,"1,124","1,416",1073
2011,Meadowvale,1234,**,"1,123","1,243","1,414",1073
2011,Milton/Halton Hills,1004,699,909,"1,050","1,285",1073
2011,Mimico,895,705,840,"1,011","1,399",1073
2011,Mississauga Centre/Streetsville,1135,734,"1,009","1,133","1,371",1073
2011,Moore Park,1363,926,"1,268","1,756",**,1073
2011,Morningside,937,**,861,958,"1,114",1073
2011,Moss Park/Regent Park,906,660,933,"1,165",**,1073
2011,Mount Dennis,960,**,867,"1,006",**,1073
2011,Mount Olive-Silverstone-Jamestown/Thistletown,1056,**,984,"1,018","1,111",1073
2011,Mount Pleasant East,1067,788,"1,040","1,233","1,574",1073
2011,Mount Pleasant West,1166,879,"1,120","1,471","2,114",1073
2011,New Toronto,900,728,798,998,**,1073
2011,North St. James Town,975,807,920,"1,185",**,1073
2011,Oakridge,943,758,892,"1,105",**,1073
2011,Oakville (excl. Bronte),1128,776,983,"1,169","1,344",1073
2011,Oakwood-Vaughan,832,665,830,963,**,1073
2011,O'Connor-Parkview,958,706,844,"1,008","1,369",1073
2011,Old East York,955,710,896,"1,090",**,1073
2011,Orangeville/Mono,911,736,861,955,"1,014",1073
2011,Parkwoods-Donalda,1097,753,920,"1,076","1,324",1073
2011,Playter Estates-Danforth,1065,790,"1,026","1,321",**,1073
2011,Port Credit,982,723,896,"1,045","1,320",1073
2011,Princess-Rosethorn,1258,**,**,"1,236",**,1073
2011,Rexdale-Kipling,1006,955,870,"1,051","1,080",1073
2011,Richmond Hill/Vaughan/King,1132,842,"1,014","1,208","1,476",1073
2011,Riverdale,893,753,790,"1,017",**,1073
2011,Rockcliffe-Smythe,913,702,842,988,"1,176",1073
2011,Roncesvalles,928,**,843,"1,218",**,1073
2011,Rosedale,**,**,"1,249","1,693",**,1073
2011,Rouge,1013,**,**,"1,021","1,136",1073
2011,Rustic/Pelmo Park/Humberlea,897,**,817,926,"1,171",1073
2011,Scarborough Village,940,**,835,948,"1,067",1073
2011,Seaton Village,**,**,**,**,**,1073
2011,South Parkdale/King West,861,680,874,"1,076",**,1073
2011,St. Andrew-Windfields,1238,705,"1,030","1,203","1,568",1073
2011,Stonegate-Queensway,929,740,860,996,**,1073
2011,Tam O'Shanter-Sullivan,1029,798,927,"1,060","1,257",1073
2011,The Beaches,1053,723,956,"1,241",**,1073
2011,Thorncliffe Park,1117,806,959,"1,184","1,561",1073
2011,University/Annex,1366,"1,037","1,307","1,765","2,711",1073
2011,Uxbridge,**,**,**,**,**,1073
2011,Victoria Village,979,727,888,"1,067","1,309",1073
2011,Waterfront Communities-The Island,1496,**,"1,401","1,666",**,1073
2011,West Hill,946,**,838,948,"1,055",1073
2011,West Humber-Clairville,1099,**,**,"1,111",**,1073
2011,Westminster-Branson,1142,750,959,"1,172","1,340",1073
2011,Weston,941,700,855,"1,047","1,301",1073
2011,Wexford-Maryvale,897,699,833,960,"1,163",1073
2011,Whitchurch/Stouffville,970,**,929,"1,001",**,1073
2011,Willowdale East/Newtonbrook East,1439,"1,056","1,209","1,567","2,131",1073
2011,Willowdale West/Newtonbrook West,1109,**,981,"1,186","1,336",1073
2011,Willowridge-Martingrove-Richview,1361,**,"1,048","1,375","1,572",1073
2011,Woburn,965,699,871,985,"1,095",1073
2011,Woodbine Corridor/Greenwood-Coxwell,823,764,781,**,**,1073
2011,Woodbine-Lumsden,903,753,905,**,**,1073
2011,Wychwood,928,696,903,**,**,1073
2011,Yonge-Eglinton,1165,900,"1,112","1,519",**,1073
2011,Yonge-St.Clair,1267,871,"1,103","1,523","2,143",1073
2011,Yorkdale-Glen Park,1001,**,923,"1,066","1,109",1073
2011,Toronto,1073,819,977,"1,148","1,356",1073
2010,Agincourt/Malvern,1126,**,877,980,"1,364",1048
2010,Ajax/Pickering,1040,**,801,991,"1,138",1048
2010,Alderwood,**,**,**,**,**,1048
2010,Aurora,1119,**,912,"1,083","1,291",1048
2010,Banbury-Don Mills/York Mills,946,699,896,"1,012","1,140",1048
2010,Bathurst Manor,1094,778,961,"1,117","1,282",1048
2010,Bay Street Corridor,1791,"1,211","1,551","2,166","4,009",1048
2010,Bayview Village,1328,**,"1,109","1,347",**,1048
2010,Bayview Woods-Steeles/Hillcrest Village,**,**,**,**,**,1048
2010,Bedford Park-Nortown,988,765,935,"1,118","1,259",1048
2010,Beechborough-Greenbrook,870,697,793,933,**,1048
2010,Bendale East,896,676,**,**,**,1048
2010,Bendale West,1005,**,901,984,"1,101",1048
2010,Birchcliffe-Cliffside,928,724,865,"1,009",**,1048
2010,Black Creek,960,**,822,952,"1,123",1048
2010,Bradford/West Gwillimbury/New Tecumseth,890,676,821,944,975,1048
2010,Brampton (East),1109,801,"1,002","1,131","1,260",1048
2010,Brampton (West),1006,688,900,"1,046","1,209",1048
2010,Briar Hill-Belgravia,1020,691,911,"1,091","1,261",1048
2010,Broadview North,929,736,888,"1,098",**,1048
2010,Bronte,1164,**,"1,075","1,199",**,1048
2010,Brookhaven-Amesbury,913,676,814,952,"1,183",1048
2010,Cabbagetown-South St. James Town,1071,734,"1,020","1,524",**,1048
2010,Caledon,**,**,**,**,**,1048
2010,Caledonia-Fairbank,857,647,809,949,**,1048
2010,Casa Loma,1448,834,"1,133","1,807","2,800",1048
2010,Churchill Meadows/Erin Mills,1120,693,870,"1,013","1,394",1048
2010,Church-Yonge Corridor,1113,887,"1,102","1,486",**,1048
2010,Clairlea-Birchmount,913,703,840,953,"1,117",1048
2010,Clanton Park,949,777,893,"1,020","1,156",1048
2010,Clarkson/Lorne Park,1030,782,925,"1,067","1,194",1048
2010,Cliffcrest East,**,**,**,**,**,1048
2010,Cliffcrest West,981,**,902,"1,004","1,212",1048
2010,Cooksville,1008,696,913,"1,082","1,152",1048
2010,Crescent Town,941,712,859,"1,070","1,278",1048
2010,Danforth Village-East York,874,646,820,"1,002",**,1048
2010,Don Valley Village/Pleasant View,1091,714,927,"1,083","1,297",1048
2010,Dorset Park,952,714,849,971,"1,135",1048
2010,Dovercourt/Davenport/Junction,**,**,756,"1,028",**,1048
2010,Downsview,902,644,808,953,"1,109",1048
2010,Dufferin Grove/Little Portugal,826,691,**,936,**,1048
2010,East End-Danforth,989,753,913,"1,125",**,1048
2010,East Gwillimbury/Newmarket,915,635,874,973,"1,202",1048
2010,Edenbridge-Humber Valley,989,**,875,"1,013",**,1048
2010,Eglinton East (East),**,**,**,**,"1,259",1048
2010,Eglinton East (West),956,825,823,971,"1,085",1048
2010,Elms-Old Rexdale,1105,**,892,"1,092","1,249",1048
2010,Englemount-Lawrence,1048,710,885,"1,130","1,373",1048
2010,Eringate-Centennial-West Deane,1127,**,**,"1,057","1,351",1048
2010,Etobicoke West Mall,1018,**,901,"1,017","1,121",1048
2010,Flemingdon Park,1006,**,884,"1,054","1,389",1048
2010,Forest Hill North,1177,777,"1,005","1,296","1,717",1048
2010,Forest Hill South,1229,768,"1,048","1,434","1,615",1048
2010,Georgina,812,**,731,846,**,1048
2010,Guildwood,1071,**,"1,006","1,051","1,308",1048
2010,Henry Farm,1107,**,958,"1,105","1,277",1048
2010,High Park North/Junction,1246,867,"1,134","1,494","1,850",1048
2010,High Park-Swansea,1039,682,889,"1,303",**,1048
2010,Humber Heights-Westmount,959,**,884,979,**,1048
2010,Humewood-Cedarvale,1095,704,961,"1,400","2,575",1048
2010,Ionview,896,736,832,950,"1,117",1048
2010,Islington/City Centre North,1085,882,960,"1,135","1,291",1048
2010,Islington/City Centre South,1055,763,934,"1,097","1,163",1048
2010,Keelesdale-Eglinton West,801,671,783,857,**,1048
2010,Kennedy Park,891,676,819,930,"1,111",1048
2010,Kensington-Chinatown,1313,940,"1,077","1,372",**,1048
2010,Kingsview Village-The Westway,1095,725,984,"1,083","1,324",1048
2010,Kingsway South,**,**,**,**,**,1048
2010,Lambton Baby Point,913,640,877,947,**,1048
2010,L'Amoreaux/Steeles/Milliken,1027,**,926,"1,078","1,212",1048
2010,Lansing-Westgate,1179,**,"1,080","1,263","1,333",1048
2010,Lawrence Park North,1132,813,"1,020","1,383",**,1048
2010,Lawrence Park South,1149,823,"1,067","1,515",**,1048
2010,Leaside-Bennington,1077,740,970,"1,281","1,716",1048
2010,Little Italy/Trinity-Bellwoods,1096,698,965,"1,252",**,1048
2010,Long Branch,831,672,767,867,**,1048
2010,Malton,960,**,797,"1,036","1,063",1048
2010,Maple Leaf,886,644,803,921,"1,171",1048
2010,Markham,1026,701,934,"1,059","1,305",1048
2010,Meadowvale,1194,**,"1,078","1,228","1,341",1048
2010,Milton/Halton Hills,981,671,892,"1,033","1,246",1048
2010,Mimico,830,673,802,940,"1,311",1048
2010,Mississauga Centre/Streetsville,1104,736,985,"1,106","1,319",1048
2010,Moore Park,1399,912,"1,280","1,838",**,1048
2010,Morningside,880,**,803,900,"1,079",1048
2010,Moss Park/Regent Park,847,645,844,998,**,1048
2010,Mount Dennis,920,700,840,973,**,1048
2010,Mount Olive-Silverstone-Jamestown/Thistletown,996,**,908,976,"1,061",1048
2010,Mount Pleasant East,1051,773,993,"1,297",**,1048
2010,Mount Pleasant West,1133,854,"1,082","1,404","1,962",1048
2010,New Toronto,848,648,794,967,**,1048
2010,North St. James Town,939,774,889,"1,127",**,1048
2010,Oakridge,937,758,887,"1,096",**,1048
2010,Oakville (excl. Bronte),1095,790,964,"1,137","1,294",1048
2010,Oakwood-Vaughan,841,638,810,997,**,1048
2010,O'Connor-Parkview,896,672,799,954,"1,186",1048
2010,Old East York,895,685,865,"1,062",**,1048
2010,Orangeville/Mono,921,768,837,968,"1,040",1048
2010,Parkwoods-Donalda,1085,769,914,"1,063","1,329",1048
2010,Playter Estates-Danforth,979,733,968,"1,276",**,1048
2010,Port Credit,945,707,883,993,"1,256",1048
2010,Princess-Rosethorn,1175,**,**,"1,139","1,315",1048
2010,Rexdale-Kipling,961,762,825,947,"1,096",1048
2010,Richmond Hill/Vaughan/King,1071,829,971,"1,144","1,405",1048
2010,Riverdale,976,691,941,"1,179",**,1048
2010,Rockcliffe-Smythe,918,687,811,936,**,1048
2010,Roncesvalles,**,**,815,**,"1,279",1048
2010,Rosedale,1323,**,"1,160","1,574",**,1048
2010,Rouge (West),1001,**,**,"1,011","1,122",1048
2010,Rustic/Pelmo Park/Humberlea,923,**,846,961,"1,135",1048
2010,Scarborough Village,923,**,819,924,"1,061",1048
2010,Seaton Village,**,**,**,**,**,1048
2010,South Parkdale/King West,866,671,849,"1,081","1,294",1048
2010,St. Andrew-Windfields,1208,731,990,"1,189","1,505",1048
2010,Stonegate-Queensway,907,700,831,966,"1,213",1048
2010,Tam O'Shanter-Sullivan,1027,790,922,"1,052","1,268",1048
2010,The Beaches,999,783,954,"1,227",**,1048
2010,Thorncliffe Park,1169,884,991,"1,243","1,661",1048
2010,University/Annex,1316,885,"1,265","1,615",**,1048
2010,Uxbridge,990,**,866,"1,084",**,1048
2010,Victoria Village,941,669,832,"1,004","1,266",1048
2010,Waterfront Communities-The Island,1970,**,"1,499","2,326",**,1048
2010,West Hill,915,**,811,919,"1,033",1048
2010,West Humber-Clairville,1041,821,925,"1,065","1,172",1048
2010,Westminster-Branson,1125,734,964,"1,153","1,319",1048
2010,Weston,855,639,825,980,**,1048
2010,Wexford-Maryvale,893,724,827,953,"1,062",1048
2010,Whitchurch/Stouffville,934,**,907,950,**,1048
2010,Willowdale East/Newtonbrook East,1564,**,"1,103","1,600","2,099",1048
2010,Willowdale West/Newtonbrook West,1087,860,979,"1,111","1,440",1048
2010,Willowridge-Martingrove-Richview,1275,**,988,"1,295","1,500",1048
2010,Woburn,944,721,855,957,"1,080",1048
2010,Woodbine Corridor/Greenwood-Coxwell,798,617,827,954,**,1048
2010,Woodbine-Lumsden,945,**,841,**,**,1048
2010,Wychwood,928,740,922,"1,051",**,1048
2010,Yonge-Eglinton,1126,915,"1,099","1,440",**,1048
2010,Yonge-St.Clair,1226,890,"1,099","1,495","2,379",1048
2010,Yorkdale-Glen Park,985,**,911,"1,044",**,1048
2010,Toronto,1048,777,949,"1,123","1,329",1048
